-- MariaDB dump 10.17  Distrib 10.4.12-MariaDB, for Linux (x86_64)
--
-- Host: localhost    Database: covibed
-- ------------------------------------------------------
-- Server version    10.4.12-MariaDB

/*!40101 SET @OLD_CHARACTER_SET_CLIENT=@@CHARACTER_SET_CLIENT */;
/*!40101 SET @OLD_CHARACTER_SET_RESULTS=@@CHARACTER_SET_RESULTS */;
/*!40101 SET @OLD_COLLATION_CONNECTION=@@COLLATION_CONNECTION */;
/*!40101 SET NAMES utf8mb4 */;
/*!40103 SET @OLD_TIME_ZONE=@@TIME_ZONE */;
/*!40103 SET TIME_ZONE='+00:00' */;
/*!40014 SET @OLD_UNIQUE_CHECKS=@@UNIQUE_CHECKS, UNIQUE_CHECKS=0 */;
/*!40014 SET @OLD_FOREIGN_KEY_CHECKS=@@FOREIGN_KEY_CHECKS, FOREIGN_KEY_CHECKS=0 */;
/*!40101 SET @OLD_SQL_MODE=@@SQL_MODE, SQL_MODE='NO_AUTO_VALUE_ON_ZERO' */;
/*!40111 SET @OLD_SQL_NOTES=@@SQL_NOTES, SQL_NOTES=0 */;

--
-- Table structure for table `activites_logout`
--

DROP TABLE IF EXISTS `activites_logout`;
/*!40101 SET @saved_cs_client     = @@character_set_client */;
/*!40101 SET character_set_client = utf8 */;
CREATE TABLE `activites_logout` (
  `pk_activites_logoutid` bigint(20) NOT NULL AUTO_INCREMENT,
  `date` datetime DEFAULT NULL,
  `type` varchar(255) DEFAULT NULL,
  `username` varchar(255) DEFAULT NULL,
  PRIMARY KEY (`pk_activites_logoutid`)
) ENGINE=MyISAM AUTO_INCREMENT=986 DEFAULT CHARSET=latin1;
/*!40101 SET character_set_client = @saved_cs_client */;

--
-- Dumping data for table `activites_logout`
--

LOCK TABLES `activites_logout` WRITE;
/*!40000 ALTER TABLE `activites_logout` DISABLE KEYS */;
INSERT INTO `activites_logout` VALUES (1,'2021-05-20 16:28:50','logIn','semir.nouira'),(2,'2021-05-20 16:28:58','logIn','semir.nouira'),(3,'2021-05-20 16:29:07','logIn','semir.nouira'),(4,'2021-05-20 16:30:39','logIn','semir.nouira'),(5,'2021-05-20 16:30:47','logIn','semir.nouira'),(6,'2021-05-20 16:34:20','logIn','semir.nouira'),(7,'2021-05-20 16:57:02','logIn','semir.nouira'),(8,'2021-05-20 17:27:43','logIn','semir.nouira'),(9,'2021-05-20 17:31:10','logIn','semir.nouira'),(10,'2021-05-20 17:34:36','logIn','hamouda.baba'),(11,'2021-05-20 17:34:57','logIn','hamouda.baba'),(12,'2021-05-20 17:38:27','logIn','chumir.reapoly.cds'),(13,'2021-05-20 17:39:25','logIn','chumir.reapoly.cds'),(14,'2021-05-20 17:39:43','logIn','chumir.reapoly.cds'),(15,'2021-05-20 17:51:51','logIn','chumir.reapoly.cds'),(16,'2021-05-20 17:52:45','logIn','chumir.reapoly.cds'),(17,'2021-05-20 17:56:19','logIn','chumir.reapoly.cds'),(18,'2021-05-20 17:56:57','logIn','chumir.reapoly.cds'),(19,'2021-05-20 18:02:03','logIn','chumir.reapoly.cds'),(20,'2021-05-20 18:03:39','logIn','chumir.reapoly.cds'),(21,'2021-05-20 18:04:56','logIn','chumir.reapoly.cds'),(22,'2021-05-20 18:15:59','logIn','chumir.reapoly.cds'),(23,'2021-05-20 18:20:51','logIn','chumir.reapoly.cds'),(24,'2021-05-20 18:32:20','logIn','chumir.reapoly.cds'),(25,'2021-05-20 18:34:08','logIn','chumir.reapoly.cds'),(26,'2021-05-20 18:34:28','logIn','hctbl.dir'),(27,'2021-05-20 18:36:42','logIn','hctbl.dir'),(28,'2021-05-20 18:38:05','logIn','hctbl.dir'),(29,'2021-05-20 18:42:07','logIn','hctbl.dir'),(30,'2021-05-20 18:43:10','logIn','hctbl.dir'),(31,'2021-05-20 18:45:04','logIn','hctbl.dir'),(32,'2021-05-20 18:45:08','logIn','hctbl.dir'),(33,'2021-05-20 19:05:27','logIn','hctbl.dir'),(34,'2021-05-20 19:15:50','logIn','hcjml.cc.med'),(35,'2021-05-20 19:20:37','logIn','hcjml.cc.med'),(36,'2021-05-20 19:20:40','logIn','hcjml.cc.med'),(37,'2021-05-20 19:21:04','logIn','hcjml.cc.med'),(38,'2021-05-20 19:25:35','logIn','hcjml.cc.med'),(39,'2021-05-20 19:25:41','logIn','hcjml.cc.med'),(40,'2021-05-20 19:26:10','logIn','hcjml.cc.med'),(41,'2021-05-20 19:26:26','logIn','hcjml.cc.med'),(42,'2021-05-20 19:26:53','logIn','hcjml.cc.med'),(43,'2021-05-20 19:27:06','logIn','hcjml.cc.med'),(44,'2021-05-20 20:14:10','logIn','hcjml.cc.med'),(45,'2021-05-20 20:15:50','logIn','hcjml.cc.med'),(46,'2021-05-20 20:15:56','logIn','hcjml.cc.med'),(47,'2021-05-20 22:47:06','logIn','hcjml.cc.med'),(48,'2021-05-20 23:23:30','logIn','hcjml.cc.med'),(49,'2021-05-20 23:27:59','logIn','hcjml.cc.med'),(50,'2021-05-20 23:28:14','logIn','hcjml.cc.med'),(51,'2021-05-20 23:29:54','logIn','hcjml.cc.med'),(52,'2021-05-20 23:30:58','logIn','hcjml.cc.med'),(53,'2021-05-20 23:31:33','logIn','hcjml.cc.med'),(54,'2021-05-20 23:37:38','logIn','hcjml.cc.med'),(55,'2021-05-20 23:37:56','logIn','hcjml.cc.med'),(56,'2021-05-20 23:38:41','logIn','hcjml.cc.med'),(57,'2021-05-20 23:45:16','logIn','hcjml.cc.med'),(58,'2021-05-20 23:45:59','logIn','hcjml.cc.med'),(59,'2021-05-20 23:48:17','logIn','hcjml.cc.med'),(60,'2021-05-20 23:55:35','logIn','hcjml.cc.med'),(61,'2021-05-20 23:55:40','logIn','hcjml.cc.med'),(62,'2021-05-20 23:56:04','logIn','hcjml.cc.med'),(63,'2021-05-20 23:59:47','logIn','hcjml.cc.med'),(64,'2021-05-21 00:02:17','logIn','hcjml.cc.med'),(65,'2021-05-21 00:04:32','logIn','hcjml.cc.med'),(66,'2021-05-21 00:05:56','logIn','hcjml.cc.med'),(67,'2021-05-21 00:07:10','logIn','hcjml.cc.med'),(68,'2021-05-21 00:08:11','logIn','hcjml.cc.med'),(69,'2021-05-21 00:09:57','logIn','hcjml.cc.med'),(70,'2021-05-21 00:10:39','logIn','hcjml.cc.med'),(71,'2021-05-21 00:11:02','logIn','hcjml.cc.med'),(72,'2021-05-21 00:12:26','logIn','hcjml.cc.med'),(73,'2021-05-21 00:13:12','logIn','hcjml.cc.med'),(74,'2021-05-21 00:15:21','logIn','hcjml.cc.med'),(75,'2021-05-21 00:15:59','logIn','hcjml.cc.med'),(76,'2021-05-21 00:16:38','logIn','hcjml.cc.med'),(77,'2021-05-21 00:17:17','logIn','hcjml.cc.med'),(78,'2021-05-21 00:18:56','logIn','hcjml.cc.med'),(79,'2021-05-21 00:20:18','logIn','hcjml.cc.med'),(80,'2021-05-21 00:21:54','logIn','hcjml.cc.med'),(81,'2021-05-21 00:22:55','logIn','hcjml.cc.med'),(82,'2021-05-21 00:23:46','logIn','hcjml.cc.med'),(83,'2021-05-21 00:23:51','logIn','hcjml.cc.med'),(84,'2021-05-21 00:29:51','logIn','hcjml.cc.med'),(85,'2021-05-21 00:34:41','logIn','hcjml.cc.med'),(86,'2021-05-21 00:35:07','logIn','hcjml.cc.med'),(87,'2021-05-21 00:44:17','logIn','hcjml.cc.med'),(88,'2021-05-21 00:45:36','logIn','hcjml.cc.med'),(89,'2021-05-21 00:46:10','logIn','hcjml.cc.med'),(90,'2021-05-21 00:46:15','logIn','hcjml.cc.med'),(91,'2021-05-21 00:46:27','logIn','hcjml.cc.med'),(92,'2021-05-21 00:47:02','logIn','hcjml.cc.med'),(93,'2021-05-21 00:47:06','logIn','hcjml.cc.med'),(94,'2021-05-21 00:50:22','logIn','hcjml.cc.med'),(95,'2021-05-21 00:51:24','logIn','hcjml.cc.med'),(96,'2021-05-21 00:51:41','logIn','hcjml.cc.med'),(97,'2021-05-21 00:53:37','logIn','hcjml.cc.med'),(98,'2021-05-21 00:53:45','logIn','hcjml.cc.med'),(99,'2021-05-21 09:29:38','logIn','chumir.usicb.cds'),(100,'2021-05-21 09:32:40','logIn','chumir.usicb.cds'),(101,'2021-05-21 18:05:57','logIn','chumir.cc.med'),(102,'2021-05-21 18:05:58','logIn','chumir.cc.med'),(103,'2021-05-22 02:02:21','logIn','semir.nouira'),(104,'2021-05-22 02:05:35','logIn','semir.nouira'),(105,'2021-05-22 02:05:47','logIn','semir.nouira'),(106,'2021-05-22 02:11:40','logIn','semir.nouira'),(107,'2021-05-22 02:12:05','logIn','semir.nouira'),(108,'2021-05-22 02:12:46','logIn','semir.nouira'),(109,'2021-05-22 02:23:05','logIn','semir.nouira'),(110,'2021-05-22 02:23:09','logIn','semir.nouira'),(111,'2021-05-22 02:23:13','logIn','semir.nouira'),(112,'2021-05-22 02:26:55','logIn','semir.nouira'),(113,'2021-05-22 02:27:12','logIn','semir.nouira'),(114,'2021-05-22 02:32:27','logIn','semir.nouira'),(115,'2021-05-22 03:39:17','logIn','semir.nouira'),(116,'2021-05-22 03:48:53','logIn','chumir.pneumo.med'),(117,'2021-05-22 03:59:46','logIn','semir.nouira'),(118,'2021-05-22 07:42:39','logIn','semir.nouira'),(119,'2021-05-22 07:49:01','logIn','chumir.pneumo.med'),(120,'2021-05-22 08:39:50','logIn','semir.nouira'),(121,'2021-05-22 08:40:42','logIn','semir.nouira'),(122,'2021-05-22 08:51:07','logIn','semir.nouira'),(123,'2021-05-22 09:06:52','logIn','chumir.regulation'),(124,'2021-05-22 09:13:13','logIn','chumir.regulation'),(125,'2021-05-22 09:30:04','logIn','semir.nouira'),(126,'2021-05-22 09:46:47','logIn','semir.nouira'),(127,'2021-05-22 09:55:25','logIn','semir.nouira'),(128,'2021-05-22 10:31:18','logIn','semir.nouira'),(129,'2021-05-22 11:09:31','logIn','chumir.pneumo.med'),(130,'2021-05-22 11:12:42','logIn','youssef.bedoui'),(131,'2021-05-22 11:15:37','logIn','chumir.pneumo.med'),(132,'2021-05-22 11:38:06','logIn','hrkhl.covp.med'),(133,'2021-05-22 11:51:42','logIn','hrkhl.covp.med'),(134,'2021-05-22 11:52:31','logIn','hrkhl.covp.med'),(135,'2021-05-22 11:52:58','logIn','hrkhl.covp.med'),(136,'2021-05-22 12:01:56','logIn','hrkhl.covp.med'),(137,'2021-05-22 12:02:11','logIn','semir.nouira'),(138,'2021-05-22 12:04:38','logIn','hrkhl.covp.med'),(139,'2021-05-22 12:05:24','logIn','hrkhl.covp.med'),(140,'2021-05-22 14:17:49','logIn','chumir.reapoly.med'),(141,'2021-05-22 14:22:20','logIn','chumir.reapoly.med'),(142,'2021-05-22 14:22:21','logIn','chumir.reapoly.med'),(143,'2021-05-22 14:22:24','logIn','chumir.reapoly.med'),(144,'2021-05-22 14:25:05','logIn','chumir.reapoly.med'),(145,'2021-05-22 15:42:27','logIn','issam.maalel'),(146,'2021-05-22 16:51:48','logIn','chumir.chirgle.med'),(147,'2021-05-22 16:53:59','logIn','chumir.gastro.med'),(148,'2021-05-22 16:57:54','logIn','chumir.anarea.med'),(149,'2021-05-22 16:58:49','logIn','chumir.usicb.med'),(150,'2021-05-22 17:01:17','logIn','chumir.postop.med'),(151,'2021-05-22 17:04:35','logIn','chumir.cc.med'),(152,'2021-05-22 17:09:49','logIn','chumir.pneumo.med'),(153,'2021-05-22 17:12:17','logIn','chumir.mdinfec.med'),(154,'2021-05-22 17:14:25','logIn','chumir.mdinfec.med'),(155,'2021-05-22 17:17:31','logIn','hrkhl.covp.med'),(156,'2021-05-22 17:18:39','logIn','hrkhl.covp.med'),(157,'2021-05-22 17:23:52','logIn','hamouda.baba'),(158,'2021-05-22 17:25:22','logIn','chawki.loussaief'),(159,'2021-05-22 17:27:25','logIn','issam.maalel'),(160,'2021-05-22 17:28:14','logIn','youssef.belhadj'),(161,'2021-05-22 17:29:28','logIn','lotfi.boubaker'),(162,'2021-05-22 17:30:25','logIn','semir.nouira'),(163,'2021-05-22 17:31:14','logIn','chumir.regulation'),(164,'2021-05-22 17:31:57','logIn','chumir.cc.svt'),(165,'2021-05-22 17:33:25','logIn','chumir.cc.med'),(166,'2021-05-22 17:35:41','logIn','chumir.mdinfec.cds'),(167,'2021-05-22 17:36:47','logIn','chumir.mdinfec.svt'),(168,'2021-05-22 17:37:37','logIn','chumir.pneumo.svt'),(169,'2021-05-22 17:38:12','logIn','chumir.pneumo.cds'),(170,'2021-05-22 17:38:55','logIn','chumir.nephro.cds'),(171,'2021-05-22 17:41:36','logIn','chumir.reapoly.cds'),(172,'2021-05-22 17:42:35','logIn','chumir.reapoly.svt'),(173,'2021-05-22 17:43:41','logIn','chumir.postop.svt'),(174,'2021-05-22 17:44:56','logIn','chumir.postop.cds'),(175,'2021-05-22 17:45:59','logIn','chumir.usicb.cds'),(176,'2021-05-22 17:46:32','logIn','chumir.usicb.svt'),(177,'2021-05-22 17:56:32','logIn','semir.nouira'),(178,'2021-05-22 17:57:03','logIn','semir.nouira'),(179,'2021-05-22 17:58:23','logIn','semir.nouira'),(180,'2021-05-22 17:58:23','logIn','semir.nouira'),(181,'2021-05-22 18:00:31','logIn','semir.nouira'),(182,'2021-05-22 18:01:14','logIn','hrkhl.covp.med'),(183,'2021-05-22 18:02:39','logIn','hrkhl.covp.med'),(184,'2021-05-22 18:08:06','logIn','hctbl.dir.cdc'),(185,'2021-05-22 18:36:56','logIn','hrkhl.covp.med'),(186,'2021-05-22 18:37:34','logIn','hrkhl.covp.med'),(187,'2021-05-22 19:04:59','logIn','hrkhl.covp.med'),(188,'2021-05-22 19:05:53','logIn','hrmok.cc.svt'),(189,'2021-05-22 19:09:11','logIn','hrmok.cov.svt'),(190,'2021-05-22 19:09:11','logIn','hrmok.cov.svt'),(191,'2021-05-22 19:13:08','logIn','hrkhl.covp.med'),(192,'2021-05-22 19:17:15','logIn','hcjml.cov.med'),(193,'2021-05-22 19:19:18','logIn','hcjml.cc.med'),(194,'2021-05-22 19:20:36','logIn','hctbl.cc.med'),(195,'2021-05-22 19:21:39','logIn','hctbl.cov.med'),(196,'2021-05-22 19:24:24','logIn','hctbl.cc.med'),(197,'2021-05-22 19:34:50','logIn','hctbl.cc.med'),(198,'2021-05-22 19:39:55','logIn','hctbl.cov.med'),(199,'2021-05-22 19:50:00','logIn','hctbl.cov.med'),(200,'2021-05-22 19:50:55','logIn','chumir.mdinfec.med'),(201,'2021-05-22 20:01:31','logIn','chumir.cc.med'),(202,'2021-05-22 20:27:08','logIn','hrkhl.covp.med'),(203,'2021-05-22 20:27:26','logIn','hrkhl.covp.med'),(204,'2021-05-22 20:28:34','logIn','semir.nouira'),(205,'2021-05-22 20:46:30','logIn','hrkhl.dir.cdc'),(206,'2021-05-22 21:06:47','logIn','chumir.mdinfec.med'),(207,'2021-05-22 21:08:06','logIn','chumir.pneumo.med'),(208,'2021-05-22 21:09:21','logIn','chumir.nephro.med'),(209,'2021-05-22 21:10:27','logIn','chumir.reapoly.med'),(210,'2021-05-22 21:15:07','logIn','hrkhl.dir.medcov'),(211,'2021-05-22 21:17:04','logIn','chumir.reapoly.med'),(212,'2021-05-22 21:17:09','logIn','semir.nouira'),(213,'2021-05-22 21:17:21','logIn','chumir.reapoly.cds'),(214,'2021-05-22 21:20:18','logIn','chumir.reapoly.med'),(215,'2021-05-22 21:28:58','logIn','chumir.reapoly.med'),(216,'2021-05-22 21:35:05','logIn','hrkhl.cc.svt'),(217,'2021-05-22 21:35:13','logIn','hrkhl.cc.med'),(218,'2021-05-22 21:35:41','logIn','hrkhl.cc.med'),(219,'2021-05-22 21:35:45','logIn','hrkhl.cc.med'),(220,'2021-05-22 21:37:07','logIn','semir.nouira'),(221,'2021-05-22 21:49:20','logIn','hrkhl.cc.med'),(222,'2021-05-22 21:49:40','logIn','hrkhl.cc.med'),(223,'2021-05-22 21:49:51','logIn','hrkhl.cc.med'),(224,'2021-05-22 21:50:40','logIn','hrkhl.cc.med'),(225,'2021-05-22 22:11:06','logIn','hrkhl.cc.svt'),(226,'2021-05-23 07:56:16','logIn','hrmok.dir.medcov'),(227,'2021-05-23 08:00:46','logIn','hrmok.dir.svtgen'),(228,'2021-05-23 08:30:25','logIn','chumir.mdinfec.med'),(229,'2021-05-23 08:33:29','logIn','hrkhl.dir'),(230,'2021-05-23 08:35:43','logIn','hctbl.dir.med'),(231,'2021-05-23 08:36:12','logIn','hctbl.dir.med'),(232,'2021-05-23 08:41:05','logIn','hctbl.dir.med'),(233,'2021-05-23 13:42:45','logIn','semir.nouira'),(234,'2021-05-23 16:47:03','logIn','semir.nouira'),(235,'2021-05-23 16:53:03','logIn','semir.nouira'),(236,'2021-05-23 16:53:07','logIn','semir.nouira'),(237,'2021-05-23 16:53:17','logIn','semir.nouira'),(238,'2021-05-23 16:56:28','logIn','semir.nouira'),(239,'2021-05-23 16:58:03','logIn','semir.nouira'),(240,'2021-05-23 17:01:02','logIn','semir.nouira'),(241,'2021-05-23 17:25:44','logIn','semir.nouira'),(242,'2021-05-23 17:26:41','logIn','semir.nouira'),(243,'2021-05-23 18:26:10','logIn','chumir.pneumo.med'),(244,'2021-05-23 18:34:11','logIn','hrkhl.covp.med'),(245,'2021-05-23 18:51:31','logIn','youssef.bedoui'),(246,'2021-05-23 18:54:37','logIn','youssef.bedoui'),(247,'2021-05-23 18:55:50','logIn','hrkhl.covp.med'),(248,'2021-05-23 18:56:00','logIn','chumir.regulation'),(249,'2021-05-23 19:03:30','logIn','hrkhl.cc.med'),(250,'2021-05-23 19:08:58','logIn','chumir.regulation'),(251,'2021-05-23 19:13:16','logIn','chumir.regulation'),(252,'2021-05-23 19:15:03','logIn','chumir.cc.med'),(253,'2021-05-23 19:16:56','logIn','lotfi.boubaker'),(254,'2021-05-23 19:20:02','logIn','lotfi.boubaker'),(255,'2021-05-23 20:14:25','logIn','hctbl.cc.med'),(256,'2021-05-23 21:35:25','logIn','hctbl.cc.med'),(257,'2021-05-23 21:45:59','logIn','semir.nouira'),(258,'2021-05-24 00:20:37','logIn','semir.nouira'),(259,'2021-05-24 00:21:20','logIn','semir.nouira'),(260,'2021-05-24 00:22:13','logIn','chumir.reapoly.cds'),(261,'2021-05-24 01:15:27','logIn','hrkhl.cc.svt'),(262,'2021-05-24 01:17:27','logIn','hrkhl.cc.svt'),(263,'2021-05-24 01:18:29','logIn','hctbl.cc.svt'),(264,'2021-05-24 01:19:34','logIn','hcjml.cc.svt'),(265,'2021-05-24 01:20:23','logIn','hcjml.cov.svt'),(266,'2021-05-24 01:21:06','logIn','hcjml.cov.med'),(267,'2021-05-24 02:26:34','logIn','semir.nouira'),(268,'2021-05-24 02:27:26','logIn','chumir.reapoly.cds'),(269,'2021-05-24 02:30:25','logIn','chumir.reapoly.cds'),(270,'2021-05-24 02:33:09','logIn','chumir.reapoly.cds'),(271,'2021-05-24 02:35:51','logIn','chumir.reapoly.cds'),(272,'2021-05-24 02:39:59','logIn','chumir.reapoly.cds'),(273,'2021-05-24 02:40:17','logIn','chumir.reapoly.cds'),(274,'2021-05-24 02:57:26','logIn','chumir.reapoly.cds'),(275,'2021-05-24 03:15:09','logIn','chumir.reapoly.cds'),(276,'2021-05-24 03:20:17','logIn','chumir.reapoly.cds'),(277,'2021-05-24 03:21:04','logIn','chumir.reapoly.cds'),(278,'2021-05-24 03:34:17','logIn','chumir.reapoly.cds'),(279,'2021-05-24 03:39:29','logIn','chumir.reapoly.cds'),(280,'2021-05-24 03:39:38','logIn','chumir.reapoly.cds'),(281,'2021-05-24 03:39:41','logIn','chumir.reapoly.cds'),(282,'2021-05-24 09:12:10','logIn','hcjml.cov.med'),(283,'2021-05-24 09:14:57','logIn','hcjml.cov.med'),(284,'2021-05-24 09:27:52','logIn','chumir.reapoly.cds'),(285,'2021-05-24 09:29:51','logIn','chumir.reapoly.cds'),(286,'2021-05-24 09:46:08','logIn','chumir.reapoly.cds'),(287,'2021-05-24 09:47:42','logIn','chumir.reapoly.cds'),(288,'2021-05-24 09:51:05','logIn','chumir.reapoly.cds'),(289,'2021-05-24 09:54:21','logIn','hcjml.cov.med'),(290,'2021-05-24 10:27:49','logIn','semir.nouira'),(291,'2021-05-24 11:01:19','logIn','hcjml.cov.med'),(292,'2021-05-24 11:04:52','logIn','hcjml.cov.med'),(293,'2021-05-24 11:06:28','logIn','lotfi.boubaker'),(294,'2021-05-24 11:19:00','logIn','semir.nouira'),(295,'2021-05-24 11:19:11','logIn','chumir.dir.svtgen'),(296,'2021-05-24 11:20:10','logIn','semir.nouira'),(297,'2021-05-24 11:22:22','logIn','chumir.reapoly.cds'),(298,'2021-05-24 11:22:39','logIn','hcjml.cov.med'),(299,'2021-05-24 11:27:49','logIn','chumir.reapoly.cds'),(300,'2021-05-24 11:33:29','logIn','semir.nouira'),(301,'2021-05-24 11:33:37','logIn','chumir.reapoly.cds'),(302,'2021-05-24 11:41:29','logIn','chumir.reapoly.cds'),(303,'2021-05-24 11:45:15','logIn','hcjml.cov.med'),(304,'2021-05-24 11:52:36','logIn','semir.nouira'),(305,'2021-05-24 12:59:28','logIn','hcjml.cov.med'),(306,'2021-05-24 13:02:50','logIn','chumir.dir.svtgen'),(307,'2021-05-24 13:04:55','logIn','chumir.reapoly.cds'),(308,'2021-05-24 13:05:18','logIn','chumir.reapoly.cds'),(309,'2021-05-24 13:54:39','logIn','lotfi.boubaker'),(310,'2021-05-24 14:16:41','logIn','chumir.dir.svtgen'),(311,'2021-05-24 14:34:19','logIn','chumir.reapoly.cds'),(312,'2021-05-24 14:46:37','logIn','hcjml.cov.med'),(313,'2021-05-24 15:37:10','logIn','chumir.dir.svtgen'),(314,'2021-05-24 15:42:35','logIn','chumir.dir.svtgen'),(315,'2021-05-24 15:43:29','logIn','semir.nouira'),(316,'2021-05-24 15:44:04','logIn','chumir.dir.svtgen'),(317,'2021-05-24 16:36:10','logIn','hcjml.cov.med'),(318,'2021-05-24 16:38:28','logIn','youssef.bedoui'),(319,'2021-05-24 16:46:39','logIn','chumir.dir.svtgen'),(320,'2021-05-24 16:47:02','logIn','chumir.dir.svtgen'),(321,'2021-05-24 16:48:06','logIn','chumir.dir.svtgen'),(322,'2021-05-24 16:50:17','logIn','chumir.dir.svtgen'),(323,'2021-05-24 16:51:19','logIn','chumir.cc.svt'),(324,'2021-05-24 16:52:27','logIn','chumir.cc.svt'),(325,'2021-05-24 16:54:42','logIn','chumir.cc.svt'),(326,'2021-05-24 16:55:57','logIn','chumir.cc.svt'),(327,'2021-05-24 16:58:16','logIn','chumir.cc.svt'),(328,'2021-05-24 17:00:47','logIn','chumir.cc.svt'),(329,'2021-05-24 17:05:04','logIn','chumir.cc.svt'),(330,'2021-05-24 17:06:43','logIn','chumir.cc.svt'),(331,'2021-05-24 17:07:54','logIn','chumir.cc.svt'),(332,'2021-05-24 17:10:12','logIn','chumir.cc.svt'),(333,'2021-05-24 17:10:36','logIn','chumir.cc.svt'),(334,'2021-05-24 17:11:13','logIn','chumir.cc.svt'),(335,'2021-05-24 17:12:42','logIn','chumir.cc.svt'),(336,'2021-05-24 17:14:00','logIn','chumir.cc.svt'),(337,'2021-05-24 17:14:31','logIn','chumir.cc.svt'),(338,'2021-05-24 17:15:54','logIn','chumir.cc.svt'),(339,'2021-05-24 17:16:45','logIn','chumir.cc.svt'),(340,'2021-05-24 17:18:10','logIn','chumir.cc.svt'),(341,'2021-05-24 17:19:57','logIn','chumir.cc.svt'),(342,'2021-05-24 17:21:33','logIn','chumir.cc.svt'),(343,'2021-05-24 17:22:51','logIn','chumir.cc.svt'),(344,'2021-05-24 17:23:21','logIn','chumir.cc.svt'),(345,'2021-05-24 17:24:19','logIn','chumir.cc.svt'),(346,'2021-05-25 10:46:02','logIn','chumir.cc.svt'),(347,'2021-05-25 10:48:41','logIn','chumir.cc.svt'),(348,'2021-05-25 10:51:44','logIn','chumir.dir.svtgen'),(349,'2021-05-25 10:53:02','logIn','chumir.dir.svtgen'),(350,'2021-05-25 10:53:28','logIn','chumir.dir.svtgen'),(351,'2021-05-25 10:53:59','logIn','chumir.dir.svtgen'),(352,'2021-05-25 10:59:51','logIn','chumir.dir.svtgen'),(353,'2021-05-25 11:01:22','logIn','chumir.dir.svtgen'),(354,'2021-05-25 11:01:54','logIn','chumir.dir.svtgen'),(355,'2021-05-25 11:03:23','logIn','chumir.dir.svtgen'),(356,'2021-05-25 11:04:35','logIn','chumir.dir.svtgen'),(357,'2021-05-25 11:04:53','logIn','chumir.dir.svtgen'),(358,'2021-05-25 11:04:57','logIn','chumir.dir.svtgen'),(359,'2021-05-25 11:05:02','logIn','chumir.dir.svtgen'),(360,'2021-05-25 11:06:34','logIn','chumir.dir.svtgen'),(361,'2021-05-25 11:08:20','logIn','chumir.dir.svtgen'),(362,'2021-05-25 11:08:59','logIn','chumir.dir.svtgen'),(363,'2021-05-25 11:09:20','logIn','chumir.cc.svt'),(364,'2021-05-25 11:09:30','logIn','chumir.cc.svt'),(365,'2021-05-25 11:09:44','logIn','chumir.dir.svtgen'),(366,'2021-05-25 11:14:56','logIn','chumir.dir.svtgen'),(367,'2021-05-25 11:16:20','logIn','chumir.dir.svtgen'),(368,'2021-05-25 11:16:40','logIn','chumir.dir.svtgen'),(369,'2021-05-25 11:17:09','logIn','chumir.dir.svtgen'),(370,'2021-05-25 11:18:57','logIn','chumir.dir.svtgen'),(371,'2021-05-25 11:19:00','logIn','chumir.dir.svtgen'),(372,'2021-05-25 11:19:20','logIn','chumir.dir.svtgen'),(373,'2021-05-25 11:19:54','logIn','chumir.dir.svtgen'),(374,'2021-05-25 11:20:24','logIn','chumir.dir.svtgen'),(375,'2021-05-25 11:21:53','logIn','chumir.dir.svtgen'),(376,'2021-05-25 11:22:29','logIn','chumir.dir.svtgen'),(377,'2021-05-25 11:22:57','logIn','chumir.dir.svtgen'),(378,'2021-05-25 11:23:08','logIn','chumir.dir.svtgen'),(379,'2021-05-25 11:26:40','logIn','chumir.dir.svtgen'),(380,'2021-05-25 11:28:13','logIn','chumir.dir.svtgen'),(381,'2021-05-25 11:30:18','logIn','chumir.dir.svtgen'),(382,'2021-05-25 11:31:14','logIn','chumir.dir.svtgen'),(383,'2021-05-25 11:32:21','logIn','chumir.dir.svtgen'),(384,'2021-05-25 11:33:45','logIn','chumir.dir.svtgen'),(385,'2021-05-25 11:35:43','logIn','chumir.dir.svtgen'),(386,'2021-05-25 11:36:29','logIn','chumir.dir.svtgen'),(387,'2021-05-25 11:37:02','logIn','chumir.dir.svtgen'),(388,'2021-05-25 11:37:27','logIn','chumir.dir.svtgen'),(389,'2021-05-25 11:38:07','logIn','chumir.dir.svtgen'),(390,'2021-05-25 11:38:55','logIn','chumir.dir.svtgen'),(391,'2021-05-25 11:39:38','logIn','chumir.dir.svtgen'),(392,'2021-05-25 11:40:26','logIn','chumir.dir.svtgen'),(393,'2021-05-25 11:43:46','logIn','chumir.dir.svtgen'),(394,'2021-05-25 13:13:41','logIn','chumir.dir.svtgen'),(395,'2021-05-25 13:14:46','logIn','chumir.dir.svtgen'),(396,'2021-05-25 13:16:51','logIn','chumir.dir.svtgen'),(397,'2021-05-25 13:17:52','logIn','chumir.dir.svtgen'),(398,'2021-05-25 13:18:17','logIn','chumir.dir.svtgen'),(399,'2021-05-25 13:39:42','logIn','chumir.dir.svtgen'),(400,'2021-05-25 13:40:19','logIn','chumir.dir.svtgen'),(401,'2021-05-25 13:40:45','logIn','chumir.dir.svtgen'),(402,'2021-05-25 13:41:25','logIn','chumir.dir.svtgen'),(403,'2021-05-25 13:42:25','logIn','chumir.dir.svtgen'),(404,'2021-05-25 13:43:36','logIn','chumir.dir.svtgen'),(405,'2021-05-25 13:44:20','logIn','chumir.dir.svtgen'),(406,'2021-05-25 13:45:16','logIn','chumir.dir.svtgen'),(407,'2021-05-25 13:46:26','logIn','chumir.dir.svtgen'),(408,'2021-05-25 13:47:44','logIn','chumir.dir.svtgen'),(409,'2021-05-25 13:48:32','logIn','chumir.dir.svtgen'),(410,'2021-05-25 13:49:44','logIn','chumir.dir.svtgen'),(411,'2021-05-25 13:50:46','logIn','chumir.dir.svtgen'),(412,'2021-05-25 13:51:10','logIn','chumir.dir.svtgen'),(413,'2021-05-25 13:51:45','logIn','chumir.dir.svtgen'),(414,'2021-05-25 13:54:11','logIn','chumir.dir.svtgen'),(415,'2021-05-25 13:55:27','logIn','chumir.dir.svtgen'),(416,'2021-05-25 13:56:17','logIn','chumir.dir.svtgen'),(417,'2021-05-25 13:57:10','logIn','chumir.dir.svtgen'),(418,'2021-05-25 13:58:28','logIn','chumir.dir.svtgen'),(419,'2021-05-25 14:02:08','logIn','chumir.dir.svtgen'),(420,'2021-05-25 14:03:47','logIn','chumir.dir.svtgen'),(421,'2021-05-25 14:04:22','logIn','chumir.dir.svtgen'),(422,'2021-05-25 14:06:36','logIn','chumir.dir.svtgen'),(423,'2021-05-25 14:09:38','logIn','chumir.dir.svtgen'),(424,'2021-05-25 14:10:52','logIn','chumir.dir.svtgen'),(425,'2021-05-25 14:29:11','logIn','chumir.dir.svtgen'),(426,'2021-05-25 15:57:59','logIn','chumir.dir.svtgen'),(427,'2021-05-25 15:58:23','logIn','chumir.dir.svtgen'),(428,'2021-05-25 16:22:06','logIn','semir.nouira'),(429,'2021-05-25 16:22:47','logIn','semir.nouira'),(430,'2021-05-25 16:41:05','logIn','semir.nouira'),(431,'2021-05-25 16:42:34','logIn','semir.nouira'),(432,'2021-05-25 16:44:33','logIn','semir.nouira'),(433,'2021-05-25 16:46:00','logIn','semir.nouira'),(434,'2021-05-25 16:58:54','logIn','semir.nouira'),(435,'2021-05-25 17:00:40','logIn','semir.nouira'),(436,'2021-05-25 17:04:15','logIn','semir.nouira'),(437,'2021-05-25 17:05:05','logIn','semir.nouira'),(438,'2021-05-25 17:06:22','logIn','semir.nouira'),(439,'2021-05-25 17:07:05','logIn','semir.nouira'),(440,'2021-05-25 17:07:58','logIn','semir.nouira'),(441,'2021-05-25 17:08:16','logIn','semir.nouira'),(442,'2021-05-25 17:09:37','logIn','semir.nouira'),(443,'2021-05-25 17:10:12','logIn','semir.nouira'),(444,'2021-05-25 17:10:30','logIn','semir.nouira'),(445,'2021-05-25 17:10:48','logIn','semir.nouira'),(446,'2021-05-25 17:11:56','logIn','semir.nouira'),(447,'2021-05-25 17:14:04','logIn','semir.nouira'),(448,'2021-05-25 17:14:21','logIn','semir.nouira'),(449,'2021-05-25 17:14:39','logIn','semir.nouira'),(450,'2021-05-25 17:15:23','logIn','semir.nouira'),(451,'2021-05-25 17:17:37','logIn','semir.nouira'),(452,'2021-05-25 17:19:16','logIn','semir.nouira'),(453,'2021-05-25 17:42:23','logIn','semir.nouira'),(454,'2021-05-25 17:42:30','logIn','semir.nouira'),(455,'2021-05-25 17:43:00','logIn','semir.nouira'),(456,'2021-06-01 09:17:08','logIn','semir.nouira'),(457,'2021-06-01 09:22:28','logIn','semir.nouira'),(458,'2021-06-01 09:24:28','logIn','semir.nouira'),(459,'2021-06-01 10:18:02','logIn','semir.nouira'),(460,'2021-06-01 10:26:50','logIn','chumir.dir.svtgen'),(461,'2021-06-01 10:29:27','logIn','chumir.dir.svtgen'),(462,'2021-06-01 10:31:09','logIn','chumir.dir.svtgen'),(463,'2021-06-01 10:31:35','logIn','chumir.dir.svtgen'),(464,'2021-06-01 10:32:41','logIn','chumir.dir.svtgen'),(465,'2021-06-01 10:33:46','logIn','chumir.dir.svtgen'),(466,'2021-06-01 10:34:09','logIn','chumir.dir.svtgen'),(467,'2021-06-01 10:34:54','logIn','chumir.dir.svtgen'),(468,'2021-06-01 10:36:32','logIn','chumir.dir.svtgen'),(469,'2021-06-01 10:36:48','logIn','chumir.dir.svtgen'),(470,'2021-06-01 10:37:34','logIn','chumir.dir.svtgen'),(471,'2021-06-01 10:38:08','logIn','chumir.dir.svtgen'),(472,'2021-06-01 10:38:52','logIn','chumir.dir.svtgen'),(473,'2021-06-01 10:39:23','logIn','chumir.dir.svtgen'),(474,'2021-06-01 10:39:41','logIn','chumir.dir.svtgen'),(475,'2021-06-01 10:40:51','logIn','chumir.dir.svtgen'),(476,'2021-06-01 10:46:48','logIn','chumir.dir.svtgen'),(477,'2021-06-01 10:50:28','logIn','chumir.dir.svtgen'),(478,'2021-06-01 10:51:08','logIn','chumir.dir.svtgen'),(479,'2021-06-01 10:53:17','logIn','chumir.dir.svtgen'),(480,'2021-06-01 10:54:07','logIn','chumir.dir.svtgen'),(481,'2021-06-01 10:54:20','logIn','semir.nouira'),(482,'2021-06-01 10:54:43','logIn','chumir.dir.svtgen'),(483,'2021-06-01 11:01:41','logIn','chumir.dir.svtgen'),(484,'2021-06-01 11:04:45','logIn','chumir.dir.svtgen'),(485,'2021-06-01 11:06:24','logIn','chumir.dir.svtgen'),(486,'2021-06-01 11:56:03','logIn','chumir.dir.svtgen'),(487,'2021-06-01 11:57:14','logIn','chumir.dir.svtgen'),(488,'2021-06-01 11:57:52','logIn','chumir.dir.svtgen'),(489,'2021-06-01 12:00:41','logIn','chumir.dir.svtgen'),(490,'2021-06-01 12:02:37','logIn','chumir.dir.svtgen'),(491,'2021-06-01 12:05:44','logIn','chumir.dir.svtgen'),(492,'2021-06-01 12:06:23','logIn','chumir.dir.svtgen'),(493,'2021-06-01 12:06:37','logIn','chumir.dir.svtgen'),(494,'2021-06-01 12:08:24','logIn','chumir.dir.svtgen'),(495,'2021-06-01 12:09:05','logIn','chumir.dir.svtgen'),(496,'2021-06-01 12:09:19','logIn','chumir.dir.svtgen'),(497,'2021-06-01 12:09:30','logIn','chumir.dir.svtgen'),(498,'2021-06-01 12:10:50','logIn','chumir.dir.svtgen'),(499,'2021-06-01 12:12:09','logIn','chumir.dir.svtgen'),(500,'2021-06-01 12:12:50','logIn','chumir.dir.svtgen'),(501,'2021-06-01 12:13:50','logIn','chumir.dir.svtgen'),(502,'2021-06-01 12:13:53','logIn','chumir.dir.svtgen'),(503,'2021-06-01 12:15:38','logIn','chumir.dir.svtgen'),(504,'2021-06-01 12:19:04','logIn','chumir.dir.svtgen'),(505,'2021-06-01 12:19:41','logIn','chumir.dir.svtgen'),(506,'2021-06-01 12:21:22','logIn','chumir.dir.svtgen'),(507,'2021-06-01 12:23:03','logIn','chumir.dir.svtgen'),(508,'2021-06-01 12:24:22','logIn','chumir.dir.svtgen'),(509,'2021-06-01 12:24:41','logIn','chumir.dir.svtgen'),(510,'2021-06-01 12:25:33','logIn','chumir.dir.svtgen'),(511,'2021-06-01 12:25:53','logIn','chumir.dir.svtgen'),(512,'2021-06-01 12:26:19','logIn','chumir.dir.svtgen'),(513,'2021-06-01 12:27:07','logIn','chumir.dir.svtgen'),(514,'2021-06-01 12:27:45','logIn','chumir.dir.svtgen'),(515,'2021-06-01 12:29:03','logIn','chumir.dir.svtgen'),(516,'2021-06-01 12:29:35','logIn','chumir.dir.svtgen'),(517,'2021-06-01 12:30:09','logIn','chumir.dir.svtgen'),(518,'2021-06-01 12:31:04','logIn','chumir.dir.svtgen'),(519,'2021-06-01 12:31:25','logIn','chumir.dir.svtgen'),(520,'2021-06-01 12:32:12','logIn','chumir.dir.svtgen'),(521,'2021-06-01 12:34:36','logIn','chumir.dir.svtgen'),(522,'2021-06-01 12:36:41','logIn','chumir.dir.svtgen'),(523,'2021-06-01 12:36:44','logIn','chumir.dir.svtgen'),(524,'2021-06-01 12:38:13','logIn','chumir.dir.svtgen'),(525,'2021-06-01 12:38:32','logIn','chumir.dir.svtgen'),(526,'2021-06-01 12:39:10','logIn','chumir.dir.svtgen'),(527,'2021-06-01 12:39:52','logIn','chumir.dir.svtgen'),(528,'2021-06-01 12:40:37','logIn','chumir.dir.svtgen'),(529,'2021-06-01 12:42:54','logIn','chumir.dir.svtgen'),(530,'2021-06-01 12:43:24','logIn','chumir.dir.svtgen'),(531,'2021-06-01 12:46:16','logIn','chumir.dir.svtgen'),(532,'2021-06-01 12:48:10','logIn','chumir.dir.svtgen'),(533,'2021-06-01 12:48:31','logIn','chumir.dir.svtgen'),(534,'2021-06-01 12:48:55','logIn','chumir.dir.svtgen'),(535,'2021-06-01 13:18:40','logIn','chumir.dir.svtgen'),(536,'2021-06-01 13:19:23','logIn','chumir.dir.svtgen'),(537,'2021-06-01 13:20:05','logIn','chumir.dir.svtgen'),(538,'2021-06-01 13:26:02','logIn','chumir.dir.svtgen'),(539,'2021-06-01 13:26:19','logIn','chumir.dir.svtgen'),(540,'2021-06-01 13:28:23','logIn','chumir.dir.svtgen'),(541,'2021-06-01 13:30:29','logIn','chumir.dir.svtgen'),(542,'2021-06-01 13:48:52','logIn','chumir.dir.svtgen'),(543,'2021-06-01 14:00:09','logIn','chumir.dir.svtgen'),(544,'2021-06-01 14:07:37','logIn','chumir.dir.svtgen'),(545,'2021-06-01 14:14:03','logIn','chumir.dir.svtgen'),(546,'2021-06-01 14:14:49','logIn','chumir.dir.svtgen'),(547,'2021-06-01 14:15:56','logIn','chumir.dir.svtgen'),(548,'2021-06-01 14:16:55','logIn','chumir.dir.svtgen'),(549,'2021-06-01 14:17:33','logIn','chumir.dir.svtgen'),(550,'2021-06-01 14:18:46','logIn','chumir.dir.svtgen'),(551,'2021-06-01 14:20:14','logIn','chumir.dir.svtgen'),(552,'2021-06-01 14:22:17','logIn','chumir.dir.svtgen'),(553,'2021-06-01 14:22:39','logIn','chumir.dir.svtgen'),(554,'2021-06-01 14:23:03','logIn','chumir.dir.svtgen'),(555,'2021-06-01 14:26:43','logIn','chumir.dir.svtgen'),(556,'2021-06-01 14:27:10','logIn','semir.nouira'),(557,'2021-06-01 14:27:39','logIn','chumir.dir.svtgen'),(558,'2021-06-01 14:28:34','logIn','chumir.dir.svtgen'),(559,'2021-06-01 14:29:23','logIn','chumir.dir.svtgen'),(560,'2021-06-01 14:30:35','logIn','chumir.dir.svtgen'),(561,'2021-06-01 14:38:48','logIn','chumir.dir.svtgen'),(562,'2021-06-01 14:47:35','logIn','chumir.dir.svtgen'),(563,'2021-06-01 14:49:58','logIn','chumir.dir.svtgen'),(564,'2021-06-01 17:19:02','logIn','semir.nouira'),(565,'2021-06-01 17:20:53','logIn','semir.nouira'),(566,'2021-06-01 17:21:48','logIn','semir.nouira'),(567,'2021-06-01 17:22:06','logIn','chumir.dir.svtgen'),(568,'2021-06-02 09:13:36','logIn','chumir.dir.svtgen'),(569,'2021-06-02 09:14:47','logIn','chumir.dir.svtgen'),(570,'2021-06-02 09:15:15','logIn','chumir.dir.svtgen'),(571,'2021-06-02 09:16:41','logIn','chumir.dir.svtgen'),(572,'2021-06-02 09:17:32','logIn','chumir.dir.svtgen'),(573,'2021-06-02 09:17:58','logIn','chumir.dir.svtgen'),(574,'2021-06-02 09:18:20','logIn','chumir.dir.svtgen'),(575,'2021-06-02 09:18:55','logIn','chumir.dir.svtgen'),(576,'2021-06-02 09:19:42','logIn','chumir.dir.svtgen'),(577,'2021-06-02 09:19:57','logIn','chumir.dir.svtgen'),(578,'2021-06-02 09:20:45','logIn','chumir.dir.svtgen'),(579,'2021-06-02 09:21:47','logIn','chumir.dir.svtgen'),(580,'2021-06-02 09:23:23','logIn','chumir.dir.svtgen'),(581,'2021-06-02 09:24:28','logIn','chumir.dir.svtgen'),(582,'2021-06-02 09:25:05','logIn','chumir.dir.svtgen'),(583,'2021-06-02 09:26:02','logIn','chumir.dir.svtgen'),(584,'2021-06-02 09:26:49','logIn','chumir.dir.svtgen'),(585,'2021-06-02 09:28:08','logIn','chumir.dir.svtgen'),(586,'2021-06-02 09:28:33','logIn','chumir.dir.svtgen'),(587,'2021-06-02 09:29:19','logIn','chumir.dir.svtgen'),(588,'2021-06-02 09:29:54','logIn','chumir.dir.svtgen'),(589,'2021-06-02 09:30:12','logIn','chumir.dir.svtgen'),(590,'2021-06-02 09:30:34','logIn','chumir.dir.svtgen'),(591,'2021-06-02 09:30:54','logIn','chumir.dir.svtgen'),(592,'2021-06-02 09:31:32','logIn','chumir.dir.svtgen'),(593,'2021-06-02 09:32:37','logIn','chumir.dir.svtgen'),(594,'2021-06-02 09:33:00','logIn','chumir.dir.svtgen'),(595,'2021-06-02 09:33:22','logIn','chumir.dir.svtgen'),(596,'2021-06-02 09:33:46','logIn','chumir.dir.svtgen'),(597,'2021-06-02 09:34:13','logIn','chumir.dir.svtgen'),(598,'2021-06-02 09:34:44','logIn','chumir.dir.svtgen'),(599,'2021-06-02 09:35:06','logIn','chumir.dir.svtgen'),(600,'2021-06-02 09:35:33','logIn','chumir.dir.svtgen'),(601,'2021-06-02 09:35:58','logIn','chumir.dir.svtgen'),(602,'2021-06-02 09:36:16','logIn','chumir.dir.svtgen'),(603,'2021-06-02 09:36:32','logIn','chumir.dir.svtgen'),(604,'2021-06-02 09:36:47','logIn','chumir.dir.svtgen'),(605,'2021-06-02 09:37:22','logIn','chumir.dir.svtgen'),(606,'2021-06-02 09:38:03','logIn','chumir.dir.svtgen'),(607,'2021-06-02 09:38:38','logIn','chumir.dir.svtgen'),(608,'2021-06-02 09:38:52','logIn','chumir.dir.svtgen'),(609,'2021-06-02 09:39:06','logIn','chumir.dir.svtgen'),(610,'2021-06-02 09:39:38','logIn','chumir.dir.svtgen'),(611,'2021-06-02 09:40:30','logIn','chumir.dir.svtgen'),(612,'2021-06-02 09:40:49','logIn','chumir.dir.svtgen'),(613,'2021-06-02 09:41:13','logIn','chumir.dir.svtgen'),(614,'2021-06-02 09:41:46','logIn','chumir.dir.svtgen'),(615,'2021-06-02 09:46:20','logIn','chumir.dir.svtgen'),(616,'2021-06-02 09:47:25','logIn','chumir.dir.svtgen'),(617,'2021-06-02 09:47:38','logIn','chumir.dir.svtgen'),(618,'2021-06-02 09:48:16','logIn','chumir.dir.svtgen'),(619,'2021-06-02 09:49:10','logIn','chumir.dir.svtgen'),(620,'2021-06-02 09:49:30','logIn','chumir.dir.svtgen'),(621,'2021-06-02 09:49:44','logIn','chumir.dir.svtgen'),(622,'2021-06-02 09:51:12','logIn','chumir.dir.svtgen'),(623,'2021-06-02 09:51:28','logIn','chumir.dir.svtgen'),(624,'2021-06-02 09:54:34','logIn','chumir.dir.svtgen'),(625,'2021-06-02 09:56:11','logIn','chumir.dir.svtgen'),(626,'2021-06-02 09:58:11','logIn','chumir.dir.svtgen'),(627,'2021-06-02 09:59:03','logIn','chumir.dir.svtgen'),(628,'2021-06-02 10:01:47','logIn','chumir.dir.svtgen'),(629,'2021-06-02 10:10:08','logIn','chumir.dir.svtgen'),(630,'2021-06-02 10:10:55','logIn','chumir.dir.svtgen'),(631,'2021-06-02 10:11:16','logIn','chumir.dir.svtgen'),(632,'2021-06-02 10:12:49','logIn','chumir.dir.svtgen'),(633,'2021-06-02 10:13:19','logIn','chumir.dir.svtgen'),(634,'2021-06-02 10:15:26','logIn','chumir.dir.svtgen'),(635,'2021-06-02 10:18:59','logIn','chumir.dir.svtgen'),(636,'2021-06-02 10:19:30','logIn','chumir.dir.svtgen'),(637,'2021-06-02 10:20:29','logIn','chumir.dir.svtgen'),(638,'2021-06-02 10:20:59','logIn','chumir.dir.svtgen'),(639,'2021-06-02 10:21:26','logIn','chumir.dir.svtgen'),(640,'2021-06-02 10:21:53','logIn','chumir.dir.svtgen'),(641,'2021-06-02 10:22:38','logIn','chumir.dir.svtgen'),(642,'2021-06-02 10:23:27','logIn','chumir.dir.svtgen'),(643,'2021-06-02 10:23:48','logIn','chumir.dir.svtgen'),(644,'2021-06-02 10:24:23','logIn','chumir.dir.svtgen'),(645,'2021-06-02 10:25:02','logIn','chumir.dir.svtgen'),(646,'2021-06-02 10:25:20','logIn','chumir.dir.svtgen'),(647,'2021-06-02 10:26:05','logIn','chumir.dir.svtgen'),(648,'2021-06-02 10:31:35','logIn','chumir.dir.svtgen'),(649,'2021-06-02 10:32:12','logIn','chumir.dir.svtgen'),(650,'2021-06-02 10:32:45','logIn','chumir.dir.svtgen'),(651,'2021-06-02 10:33:36','logIn','chumir.dir.svtgen'),(652,'2021-06-02 10:34:37','logIn','chumir.dir.svtgen'),(653,'2021-06-02 10:35:12','logIn','chumir.dir.svtgen'),(654,'2021-06-02 10:40:08','logIn','chumir.dir.svtgen'),(655,'2021-06-02 10:41:58','logIn','chumir.dir.svtgen'),(656,'2021-06-02 10:43:17','logIn','chumir.dir.svtgen'),(657,'2021-06-02 10:43:43','logIn','chumir.dir.svtgen'),(658,'2021-06-02 10:45:27','logIn','chumir.dir.svtgen'),(659,'2021-06-02 10:45:35','logIn','chumir.dir.svtgen'),(660,'2021-06-02 10:47:41','logIn','chumir.dir.svtgen'),(661,'2021-06-02 10:48:25','logIn','chumir.dir.svtgen'),(662,'2021-06-02 10:49:00','logIn','chumir.dir.svtgen'),(663,'2021-06-02 10:49:20','logIn','chumir.dir.svtgen'),(664,'2021-06-02 15:05:46','logIn','chumir.dir.svtgen'),(665,'2021-06-02 15:06:17','logIn','chumir.dir.svtgen'),(666,'2021-06-02 15:07:06','logIn','chumir.dir.svtgen'),(667,'2021-06-02 15:07:28','logIn','chumir.dir.svtgen'),(668,'2021-06-02 15:07:44','logIn','chumir.dir.svtgen'),(669,'2021-06-02 15:07:58','logIn','chumir.dir.svtgen'),(670,'2021-06-02 15:08:05','logIn','chumir.dir.svtgen'),(671,'2021-06-02 15:08:23','logIn','chumir.dir.svtgen'),(672,'2021-06-02 15:08:44','logIn','chumir.dir.svtgen'),(673,'2021-06-02 15:09:14','logIn','chumir.dir.svtgen'),(674,'2021-06-02 15:09:27','logIn','chumir.dir.svtgen'),(675,'2021-06-02 15:09:57','logIn','chumir.dir.svtgen'),(676,'2021-06-02 15:10:14','logIn','chumir.dir.svtgen'),(677,'2021-06-02 15:10:41','logIn','chumir.dir.svtgen'),(678,'2021-06-02 15:11:31','logIn','chumir.dir.svtgen'),(679,'2021-06-02 15:12:03','logIn','chumir.dir.svtgen'),(680,'2021-06-02 15:12:25','logIn','chumir.dir.svtgen'),(681,'2021-06-02 15:12:56','logIn','chumir.dir.svtgen'),(682,'2021-06-02 15:13:56','logIn','chumir.dir.svtgen'),(683,'2021-06-02 15:14:25','logIn','chumir.dir.svtgen'),(684,'2021-06-02 15:16:03','logIn','chumir.dir.svtgen'),(685,'2021-06-02 15:16:39','logIn','chumir.dir.svtgen'),(686,'2021-06-02 15:17:07','logIn','chumir.dir.svtgen'),(687,'2021-06-02 15:17:41','logIn','chumir.dir.svtgen'),(688,'2021-06-02 15:17:56','logIn','chumir.dir.svtgen'),(689,'2021-06-02 15:18:18','logIn','chumir.dir.svtgen'),(690,'2021-06-02 15:19:29','logIn','chumir.dir.svtgen'),(691,'2021-06-02 15:25:01','logIn','chumir.dir.svtgen'),(692,'2021-06-02 15:26:22','logIn','chumir.dir.svtgen'),(693,'2021-06-02 15:27:06','logIn','chumir.dir.svtgen'),(694,'2021-06-02 15:27:31','logIn','chumir.dir.svtgen'),(695,'2021-06-02 15:27:46','logIn','chumir.dir.svtgen'),(696,'2021-06-02 15:29:07','logIn','chumir.dir.svtgen'),(697,'2021-06-02 15:29:32','logIn','chumir.dir.svtgen'),(698,'2021-06-02 15:30:25','logIn','chumir.dir.svtgen'),(699,'2021-06-02 15:31:05','logIn','chumir.dir.svtgen'),(700,'2021-06-02 15:31:20','logIn','chumir.dir.svtgen'),(701,'2021-06-02 15:32:01','logIn','chumir.dir.svtgen'),(702,'2021-06-02 15:32:38','logIn','chumir.dir.svtgen'),(703,'2021-06-02 15:38:45','logIn','chumir.dir.svtgen'),(704,'2021-06-02 15:39:09','logIn','chumir.dir.svtgen'),(705,'2021-06-02 15:40:04','logIn','chumir.dir.svtgen'),(706,'2021-06-02 16:09:37','logIn','chumir.dir.svtgen'),(707,'2021-06-02 16:40:59','logIn','chumir.dir.svtgen'),(708,'2021-06-02 16:45:38','logIn','hctbl.cc.med'),(709,'2021-06-02 16:48:03','logIn','hctbl.cc.med'),(710,'2021-06-02 16:48:43','logIn','chumir.dir.svtgen'),(711,'2021-06-02 18:07:30','logIn','chumir.dir.svtgen'),(712,'2021-06-02 18:10:34','logIn','chumir.dir.svtgen'),(713,'2021-06-02 18:11:03','logIn','chumir.dir.svtgen'),(714,'2021-06-02 18:11:20','logIn','chumir.dir.svtgen'),(715,'2021-06-03 09:39:24','logIn','chumir.dir.svtgen'),(716,'2021-06-03 09:40:02','logIn','chumir.dir.svtgen'),(717,'2021-06-03 09:41:36','logIn','chumir.dir.svtgen'),(718,'2021-06-03 09:42:36','logIn','chumir.dir.svtgen'),(719,'2021-06-03 09:44:54','logIn','chumir.dir.svtgen'),(720,'2021-06-03 09:45:32','logIn','chumir.dir.svtgen'),(721,'2021-06-03 09:46:30','logIn','chumir.dir.svtgen'),(722,'2021-06-03 09:58:40','logIn','chumir.dir.svtgen'),(723,'2021-06-03 09:59:49','logIn','chumir.dir.svtgen'),(724,'2021-06-03 10:00:29','logIn','chumir.dir.svtgen'),(725,'2021-06-03 10:09:42','logIn','chumir.dir.svtgen'),(726,'2021-06-03 10:10:34','logIn','chumir.dir.svtgen'),(727,'2021-06-03 10:11:39','logIn','chumir.dir.svtgen'),(728,'2021-06-03 10:12:51','logIn','chumir.dir.svtgen'),(729,'2021-06-03 10:15:10','logIn','chumir.dir.svtgen'),(730,'2021-06-03 10:16:02','logIn','chumir.dir.svtgen'),(731,'2021-06-03 10:17:14','logIn','chumir.dir.svtgen'),(732,'2021-06-03 10:18:43','logIn','chumir.dir.svtgen'),(733,'2021-06-03 10:21:14','logIn','chumir.dir.svtgen'),(734,'2021-06-03 10:23:16','logIn','chumir.dir.svtgen'),(735,'2021-06-03 10:23:59','logIn','chumir.dir.svtgen'),(736,'2021-06-03 10:24:45','logIn','chumir.dir.svtgen'),(737,'2021-06-03 10:25:13','logIn','chumir.dir.svtgen'),(738,'2021-06-03 10:26:06','logIn','chumir.dir.svtgen'),(739,'2021-06-03 10:27:32','logIn','chumir.dir.svtgen'),(740,'2021-06-03 10:33:42','logIn','chumir.dir.svtgen'),(741,'2021-06-03 10:34:13','logIn','chumir.dir.svtgen'),(742,'2021-06-03 10:35:01','logIn','chumir.dir.svtgen'),(743,'2021-06-03 10:36:15','logIn','chumir.dir.svtgen'),(744,'2021-06-03 10:36:36','logIn','chumir.dir.svtgen'),(745,'2021-06-03 10:37:07','logIn','chumir.dir.svtgen'),(746,'2021-06-03 10:37:27','logIn','chumir.dir.svtgen'),(747,'2021-06-03 10:37:47','logIn','chumir.dir.svtgen'),(748,'2021-06-03 10:38:13','logIn','chumir.dir.svtgen'),(749,'2021-06-03 10:39:12','logIn','chumir.dir.svtgen'),(750,'2021-06-03 10:39:49','logIn','chumir.dir.svtgen'),(751,'2021-06-03 10:48:57','logIn','chumir.dir.svtgen'),(752,'2021-06-03 10:50:25','logIn','chumir.dir.svtgen'),(753,'2021-06-03 10:51:26','logIn','chumir.dir.svtgen'),(754,'2021-06-03 10:51:47','logIn','chumir.dir.svtgen'),(755,'2021-06-03 10:52:33','logIn','chumir.dir.svtgen'),(756,'2021-06-03 10:54:02','logIn','chumir.dir.svtgen'),(757,'2021-06-03 10:54:41','logIn','chumir.dir.svtgen'),(758,'2021-06-03 10:55:10','logIn','chumir.dir.svtgen'),(759,'2021-06-03 11:08:18','logIn','chumir.dir.svtgen'),(760,'2021-06-03 11:08:54','logIn','chumir.dir.svtgen'),(761,'2021-06-03 11:09:22','logIn','chumir.dir.svtgen'),(762,'2021-06-03 11:09:46','logIn','chumir.dir.svtgen'),(763,'2021-06-03 11:10:03','logIn','chumir.dir.svtgen'),(764,'2021-06-03 11:10:39','logIn','chumir.dir.svtgen'),(765,'2021-06-03 11:10:54','logIn','chumir.dir.svtgen'),(766,'2021-06-03 11:11:18','logIn','chumir.dir.svtgen'),(767,'2021-06-03 11:12:28','logIn','chumir.dir.svtgen'),(768,'2021-06-03 11:13:28','logIn','chumir.dir.svtgen'),(769,'2021-06-03 11:14:19','logIn','chumir.dir.svtgen'),(770,'2021-06-03 11:14:56','logIn','chumir.dir.svtgen'),(771,'2021-06-03 11:15:21','logIn','chumir.dir.svtgen'),(772,'2021-06-03 11:15:57','logIn','chumir.dir.svtgen'),(773,'2021-06-03 11:17:10','logIn','chumir.dir.svtgen'),(774,'2021-06-03 11:17:34','logIn','chumir.dir.svtgen'),(775,'2021-06-03 11:18:02','logIn','chumir.dir.svtgen'),(776,'2021-06-03 11:18:22','logIn','chumir.dir.svtgen'),(777,'2021-06-03 11:18:53','logIn','chumir.dir.svtgen'),(778,'2021-06-03 11:19:21','logIn','chumir.dir.svtgen'),(779,'2021-06-03 11:20:09','logIn','chumir.dir.svtgen'),(780,'2021-06-03 11:20:56','logIn','chumir.dir.svtgen'),(781,'2021-06-03 11:21:13','logIn','chumir.dir.svtgen'),(782,'2021-06-03 11:21:38','logIn','chumir.dir.svtgen'),(783,'2021-06-03 11:23:47','logIn','chumir.dir.svtgen'),(784,'2021-06-03 11:26:14','logIn','chumir.dir.svtgen'),(785,'2021-06-03 12:45:12','logIn','chumir.dir.svtgen'),(786,'2021-06-03 12:47:53','logIn','chumir.dir.svtgen'),(787,'2021-06-03 12:48:43','logIn','chumir.dir.svtgen'),(788,'2021-06-03 12:52:25','logIn','chumir.dir.svtgen'),(789,'2021-06-03 12:54:08','logIn','chumir.dir.svtgen'),(790,'2021-06-03 12:55:17','logIn','chumir.dir.svtgen'),(791,'2021-06-03 12:57:59','logIn','chumir.dir.svtgen'),(792,'2021-06-03 12:58:47','logIn','chumir.dir.svtgen'),(793,'2021-06-03 12:59:52','logIn','chumir.dir.svtgen'),(794,'2021-06-03 13:00:21','logIn','chumir.dir.svtgen'),(795,'2021-06-03 13:00:34','logIn','chumir.dir.svtgen'),(796,'2021-06-03 13:00:52','logIn','chumir.dir.svtgen'),(797,'2021-06-03 13:01:08','logIn','chumir.dir.svtgen'),(798,'2021-06-03 13:01:41','logIn','chumir.dir.svtgen'),(799,'2021-06-03 13:02:04','logIn','chumir.dir.svtgen'),(800,'2021-06-03 13:02:33','logIn','chumir.dir.svtgen'),(801,'2021-06-03 13:03:15','logIn','chumir.dir.svtgen'),(802,'2021-06-03 13:04:21','logIn','chumir.dir.svtgen'),(803,'2021-06-03 13:04:49','logIn','chumir.dir.svtgen'),(804,'2021-06-03 13:15:44','logIn','chumir.dir.svtgen'),(805,'2021-06-03 13:16:33','logIn','chumir.dir.svtgen'),(806,'2021-06-03 13:17:10','logIn','chumir.dir.svtgen'),(807,'2021-06-03 13:17:40','logIn','chumir.dir.svtgen'),(808,'2021-06-03 13:18:17','logIn','chumir.dir.svtgen'),(809,'2021-06-03 13:19:54','logIn','chumir.dir.svtgen'),(810,'2021-06-03 13:20:43','logIn','chumir.dir.svtgen'),(811,'2021-06-03 13:21:25','logIn','chumir.dir.svtgen'),(812,'2021-06-03 13:21:57','logIn','chumir.dir.svtgen'),(813,'2021-06-03 13:22:28','logIn','chumir.dir.svtgen'),(814,'2021-06-03 13:29:02','logIn','chumir.dir.svtgen'),(815,'2021-06-03 13:30:32','logIn','chumir.dir.svtgen'),(816,'2021-06-03 13:31:42','logIn','chumir.dir.svtgen'),(817,'2021-06-03 13:32:54','logIn','chumir.dir.svtgen'),(818,'2021-06-03 13:34:16','logIn','chumir.dir.svtgen'),(819,'2021-06-03 13:34:59','logIn','chumir.dir.svtgen'),(820,'2021-06-03 13:37:23','logIn','chumir.dir.svtgen'),(821,'2021-06-03 13:39:03','logIn','chumir.dir.svtgen'),(822,'2021-06-03 13:44:12','logIn','chumir.dir.svtgen'),(823,'2021-06-03 13:44:46','logIn','chumir.dir.svtgen'),(824,'2021-06-03 13:45:05','logIn','chumir.dir.svtgen'),(825,'2021-06-03 13:45:36','logIn','chumir.dir.svtgen'),(826,'2021-06-03 13:46:18','logIn','chumir.dir.svtgen'),(827,'2021-06-03 13:46:53','logIn','chumir.dir.svtgen'),(828,'2021-06-03 13:47:39','logIn','chumir.dir.svtgen'),(829,'2021-06-03 13:49:12','logIn','chumir.dir.svtgen'),(830,'2021-06-03 13:49:29','logIn','chumir.dir.svtgen'),(831,'2021-06-03 13:49:57','logIn','chumir.dir.svtgen'),(832,'2021-06-03 13:50:13','logIn','chumir.dir.svtgen'),(833,'2021-06-03 13:50:31','logIn','chumir.dir.svtgen'),(834,'2021-06-03 13:50:49','logIn','chumir.dir.svtgen'),(835,'2021-06-03 13:51:11','logIn','chumir.dir.svtgen'),(836,'2021-06-03 13:51:36','logIn','chumir.dir.svtgen'),(837,'2021-06-03 13:52:51','logIn','chumir.dir.svtgen'),(838,'2021-06-03 13:53:12','logIn','chumir.dir.svtgen'),(839,'2021-06-03 13:53:37','logIn','chumir.dir.svtgen'),(840,'2021-06-03 13:54:00','logIn','chumir.dir.svtgen'),(841,'2021-06-03 13:54:36','logIn','chumir.dir.svtgen'),(842,'2021-06-03 13:55:06','logIn','chumir.dir.svtgen'),(843,'2021-06-03 13:55:21','logIn','chumir.dir.svtgen'),(844,'2021-06-03 13:55:38','logIn','chumir.dir.svtgen'),(845,'2021-06-03 13:56:04','logIn','chumir.dir.svtgen'),(846,'2021-06-03 13:56:30','logIn','chumir.dir.svtgen'),(847,'2021-06-03 13:56:49','logIn','chumir.dir.svtgen'),(848,'2021-06-03 13:57:03','logIn','chumir.dir.svtgen'),(849,'2021-06-03 13:57:16','logIn','chumir.dir.svtgen'),(850,'2021-06-03 13:57:34','logIn','chumir.dir.svtgen'),(851,'2021-06-03 13:57:50','logIn','chumir.dir.svtgen'),(852,'2021-06-03 13:58:14','logIn','chumir.dir.svtgen'),(853,'2021-06-03 13:58:30','logIn','chumir.dir.svtgen'),(854,'2021-06-03 13:58:53','logIn','chumir.dir.svtgen'),(855,'2021-06-03 13:59:30','logIn','chumir.dir.svtgen'),(856,'2021-06-03 13:59:45','logIn','chumir.dir.svtgen'),(857,'2021-06-03 14:00:04','logIn','chumir.dir.svtgen'),(858,'2021-06-03 14:00:16','logIn','chumir.dir.svtgen'),(859,'2021-06-03 14:00:32','logIn','chumir.dir.svtgen'),(860,'2021-06-03 14:00:47','logIn','chumir.dir.svtgen'),(861,'2021-06-03 14:01:00','logIn','chumir.dir.svtgen'),(862,'2021-06-03 14:01:21','logIn','chumir.dir.svtgen'),(863,'2021-06-03 14:03:01','logIn','chumir.dir.svtgen'),(864,'2021-06-03 14:05:00','logIn','chumir.dir.svtgen'),(865,'2021-06-03 14:05:38','logIn','chumir.dir.svtgen'),(866,'2021-06-03 14:05:58','logIn','chumir.dir.svtgen'),(867,'2021-06-03 14:06:35','logIn','chumir.dir.svtgen'),(868,'2021-06-03 14:07:03','logIn','chumir.dir.svtgen'),(869,'2021-06-03 14:07:35','logIn','chumir.dir.svtgen'),(870,'2021-06-03 14:08:06','logIn','chumir.dir.svtgen'),(871,'2021-06-03 14:08:24','logIn','chumir.dir.svtgen'),(872,'2021-06-03 14:09:19','logIn','chumir.dir.svtgen'),(873,'2021-06-03 14:10:03','logIn','chumir.dir.svtgen'),(874,'2021-06-03 14:10:37','logIn','chumir.dir.svtgen'),(875,'2021-06-03 14:10:59','logIn','chumir.dir.svtgen'),(876,'2021-06-03 14:11:16','logIn','chumir.dir.svtgen'),(877,'2021-06-03 14:11:51','logIn','chumir.dir.svtgen'),(878,'2021-06-03 14:12:30','logIn','chumir.dir.svtgen'),(879,'2021-06-03 14:12:56','logIn','chumir.dir.svtgen'),(880,'2021-06-03 14:13:13','logIn','chumir.dir.svtgen'),(881,'2021-06-03 14:13:18','logIn','chumir.dir.svtgen'),(882,'2021-06-03 14:13:50','logIn','chumir.dir.svtgen'),(883,'2021-06-03 14:14:11','logIn','chumir.dir.svtgen'),(884,'2021-06-03 14:15:45','logIn','chumir.dir.svtgen'),(885,'2021-06-03 14:17:13','logIn','chumir.dir.svtgen'),(886,'2021-06-03 14:33:40','logIn','chumir.dir.svtgen'),(887,'2021-06-03 14:34:26','logIn','chumir.dir.svtgen'),(888,'2021-06-03 14:34:54','logIn','chumir.dir.svtgen'),(889,'2021-06-03 14:35:16','logIn','chumir.dir.svtgen'),(890,'2021-06-03 14:35:53','logIn','chumir.dir.svtgen'),(891,'2021-06-03 14:36:32','logIn','chumir.dir.svtgen'),(892,'2021-06-03 14:36:53','logIn','chumir.dir.svtgen'),(893,'2021-06-03 14:48:48','logIn','chumir.dir.svtgen'),(894,'2021-06-03 14:50:05','logIn','chumir.dir.svtgen'),(895,'2021-06-03 14:51:28','logIn','chumir.dir.svtgen'),(896,'2021-06-03 14:53:35','logIn','chumir.dir.svtgen'),(897,'2021-06-03 14:53:57','logIn','chumir.dir.svtgen'),(898,'2021-06-03 14:54:25','logIn','chumir.dir.svtgen'),(899,'2021-06-03 14:54:58','logIn','chumir.dir.svtgen'),(900,'2021-06-03 14:55:44','logIn','chumir.dir.svtgen'),(901,'2021-06-03 14:56:00','logIn','semir.nouira'),(902,'2021-06-03 14:56:23','logIn','chumir.dir.svtgen'),(903,'2021-06-03 14:58:12','logIn','chumir.dir.svtgen'),(904,'2021-06-04 14:47:11','logIn','chumir.reapoly.med'),(905,'2021-06-04 14:49:04','logIn','chumir.reapoly.med'),(906,'2021-06-04 14:52:36','logIn','test'),(907,'2021-06-04 14:54:10','logIn','test'),(908,'2021-06-04 14:57:40','logIn','test'),(909,'2021-06-04 14:58:32','logIn','test'),(910,'2021-06-04 14:59:34','logIn','test'),(911,'2021-06-04 15:00:05','logIn','test'),(912,'2021-06-04 15:00:51','logIn','test'),(913,'2021-06-04 15:01:26','logIn','test'),(914,'2021-06-04 15:03:01','logIn','test'),(915,'2021-06-04 15:03:30','logIn','test'),(916,'2021-06-04 15:11:34','logIn','test'),(917,'2021-06-04 15:12:54','logIn','test'),(918,'2021-06-04 15:13:28','logIn','test'),(919,'2021-06-04 15:26:51','logIn','test'),(920,'2021-06-04 15:27:16','logIn','test'),(921,'2021-06-04 15:28:49','logIn','test'),(922,'2021-06-04 15:29:24','logIn','test'),(923,'2021-06-04 15:30:11','logIn','test'),(924,'2021-06-04 15:30:32','logIn','test'),(925,'2021-06-04 15:34:39','logIn','test'),(926,'2021-06-04 15:35:48','logIn','test'),(927,'2021-06-04 15:37:02','logIn','test'),(928,'2021-06-04 15:48:14','logIn','test'),(929,'2021-06-04 15:49:14','logIn','test'),(930,'2021-06-04 15:49:48','logIn','test'),(931,'2021-06-04 15:50:29','logIn','test'),(932,'2021-06-04 15:50:57','logIn','test'),(933,'2021-06-04 15:51:27','logIn','test'),(934,'2021-06-04 15:52:11','logIn','test'),(935,'2021-06-04 15:53:10','logIn','test'),(936,'2021-06-04 15:53:46','logIn','test'),(937,'2021-06-04 15:56:39','logIn','test'),(938,'2021-06-04 15:57:58','logIn','test'),(939,'2021-06-04 16:02:00','logIn','test'),(940,'2021-06-04 16:02:29','logIn','test'),(941,'2021-06-04 16:03:02','logIn','test'),(942,'2021-06-04 16:03:40','logIn','test'),(943,'2021-06-04 16:05:44','logIn','test'),(944,'2021-06-04 16:06:20','logIn','test'),(945,'2021-06-04 16:07:10','logIn','test'),(946,'2021-06-04 16:08:35','logIn','test'),(947,'2021-06-04 16:09:55','logIn','test'),(948,'2021-06-04 16:11:18','logIn','test'),(949,'2021-06-04 16:12:59','logIn','test'),(950,'2021-06-04 16:13:28','logIn','test'),(951,'2021-06-04 16:14:49','logIn','test'),(952,'2021-06-04 16:15:55','logIn','test'),(953,'2021-06-04 16:16:20','logIn','test'),(954,'2021-06-04 16:16:39','logIn','test'),(955,'2021-06-04 16:17:38','logIn','test'),(956,'2021-06-04 16:17:59','logIn','test'),(957,'2021-06-04 16:19:43','logIn','test'),(958,'2021-06-04 16:21:44','logIn','test'),(959,'2021-06-04 16:23:03','logIn','test'),(960,'2021-06-04 16:23:40','logIn','test'),(961,'2021-06-04 16:24:37','logIn','test'),(962,'2021-06-04 16:26:32','logIn','test'),(963,'2021-06-04 16:31:45','logIn','test'),(964,'2021-06-04 16:32:05','logIn','test'),(965,'2021-06-04 16:34:46','logIn','test'),(966,'2021-06-04 16:36:53','logIn','test'),(967,'2021-06-04 16:37:54','logIn','test'),(968,'2021-06-04 16:45:45','logIn','test'),(969,'2021-06-04 16:48:59','logIn','test'),(970,'2021-06-04 16:49:03','logIn','test'),(971,'2021-06-04 16:50:14','logIn','test'),(972,'2021-06-04 16:57:12','logIn','test'),(973,'2021-06-04 16:57:44','logIn','chumir.dir.svtgen'),(974,'2021-06-04 17:00:32','logIn','chumir.dir.svtgen'),(975,'2021-06-04 17:22:10','logIn','chumir.dir.svtgen'),(976,'2021-06-04 17:23:20','logIn','chumir.dir.svtgen'),(977,'2021-06-04 17:34:18','logIn','ferjani.sassi'),(978,'2021-06-04 17:35:07','logIn','ferjani.sassi'),(979,'2021-06-04 17:35:46','logIn','chumir.dir.svtgen'),(980,'2021-06-07 09:07:02','logIn','chumir.dir.svtgen'),(981,'2021-06-09 10:05:00','logIn','chumir.dir.svtgen'),(982,'2021-06-09 10:05:54','logIn','chumir.dir.svtgen'),(983,'2021-06-09 10:06:49','logIn','chumir.dir.svtgen'),(984,'2021-06-09 10:07:02','logIn','ferjani.sassi'),(985,'2021-06-11 09:06:15','logIn','ferjani.sassi');
/*!40000 ALTER TABLE `activites_logout` ENABLE KEYS */;
UNLOCK TABLES;

--
-- Table structure for table `bed`
--

DROP TABLE IF EXISTS `bed`;
/*!40101 SET @saved_cs_client     = @@character_set_client */;
/*!40101 SET character_set_client = utf8 */;
CREATE TABLE `bed` (
  `bedid` bigint(20) NOT NULL AUTO_INCREMENT,
  `label` varchar(255) DEFAULT NULL,
  `srv_id` bigint(20) DEFAULT NULL,
  `qr_code_qrid` bigint(20) DEFAULT NULL,
  `availability` bit(1) DEFAULT NULL,
  `gravity` int(11) DEFAULT NULL,
  `intubation` bit(1) DEFAULT NULL,
  `o2` int(11) DEFAULT NULL,
  PRIMARY KEY (`bedid`),
  UNIQUE KEY `UK_f3o0blc1v9rmq4di7lwanr2on` (`qr_code_qrid`),
  KEY `FKr2bk9s7f1jv0smy78c5p8x63l` (`srv_id`)
) ENGINE=MyISAM AUTO_INCREMENT=162 DEFAULT CHARSET=latin1;
/*!40101 SET character_set_client = @saved_cs_client */;

--
-- Dumping data for table `bed`
--

LOCK TABLES `bed` WRITE;
/*!40000 ALTER TABLE `bed` DISABLE KEYS */;
INSERT INTO `bed` VALUES (1,'Lit-1',1,NULL,'\0',3,'',0),(2,'Lit-2',1,NULL,'\0',3,'',0),(3,'Lit-3',1,NULL,'',0,'\0',0),(4,'Lit-4',1,NULL,'',0,'\0',0),(5,'Lit-5',1,NULL,'\0',2,'\0',8),(6,'Lit-6',1,NULL,'',0,'\0',0),(7,'Lit-7',1,NULL,'',0,'\0',0),(8,'Lit-8',1,NULL,'',0,'\0',0),(9,'Lit-9',1,NULL,'',0,'\0',0),(10,'Lit-10',1,NULL,'',0,'\0',0),(11,'Lit-11',1,NULL,'',0,'\0',0),(12,'Lit-12',1,NULL,'\0',2,'\0',2),(13,'Lit-13',1,NULL,'',0,'\0',0),(14,'Lit-14',1,NULL,'',0,'\0',0),(15,'Lit-1',2,NULL,'',0,'\0',0),(16,'Lit-2',2,NULL,'',0,'\0',0),(17,'Lit-3',2,NULL,'\0',3,'\0',5),(18,'Lit-4',2,NULL,'',0,'\0',0),(19,'Lit-5',2,NULL,'',0,'\0',0),(20,'Lit-6',2,NULL,'',0,'\0',0),(21,'Lit-7',2,NULL,'',0,'\0',0),(22,'Lit-8',2,NULL,'',0,'\0',0),(23,'Lit-9',2,NULL,'',0,'\0',0),(24,'Lit-10',2,NULL,'',0,'\0',0),(25,'Lit-11',2,NULL,'',0,'\0',0),(26,'Lit-12',2,NULL,'',0,'\0',0),(27,'Lit-13',2,NULL,'',0,'\0',0),(28,'Lit-14',2,NULL,'\0',2,'\0',5),(29,'Lit-15',2,NULL,'',0,'\0',0),(30,'Lit-16',2,NULL,'',0,'\0',0),(31,'Lit-1',3,NULL,'\0',2,'\0',6),(32,'Lit-2',3,NULL,'',0,'\0',0),(33,'Lit-3',3,NULL,'\0',2,'\0',8),(34,'Lit-4',3,NULL,'',0,'\0',0),(35,'Lit-5',3,NULL,'\0',2,'\0',10),(36,'Lit-6',3,NULL,'',0,'\0',0),(37,'Lit-7',3,NULL,'\0',2,'\0',4),(38,'Lit-8',3,NULL,'',0,'\0',0),(39,'Lit-9',3,NULL,'',0,'\0',0),(40,'Lit-10',3,NULL,'',0,'\0',0),(41,'Lit-11',3,NULL,'',0,'\0',0),(42,'Lit-1',4,NULL,'',0,'\0',0),(43,'Lit-2',4,NULL,'\0',2,'\0',8),(44,'Lit-3',4,NULL,'',0,'\0',0),(45,'Lit-4',4,NULL,'',0,'\0',0),(46,'Lit-5',4,NULL,'',0,'\0',0),(47,'Lit-6',4,NULL,'',0,'\0',0),(48,'Lit-7',4,NULL,'',0,'\0',0),(49,'Lit-8',4,NULL,'',0,'\0',0),(50,'Lit-9',4,NULL,'\0',2,'\0',10),(51,'Lit-10',4,NULL,'',0,'\0',0),(52,'Lit-11',4,NULL,'',0,'\0',0),(53,'Lit-12',4,NULL,'',0,'\0',0),(54,'Lit-13',4,NULL,'',0,'\0',0),(55,'Lit-14',4,NULL,'',0,'\0',0),(56,'Lit-1',5,NULL,'\0',3,'\0',20),(57,'Lit-2',5,NULL,'\0',3,'',0),(58,'Lit-3',5,NULL,'\0',3,'',0),(59,'Lit-4',5,NULL,'\0',2,'\0',10),(60,'Lit-5',5,NULL,'\0',3,'',0),(61,'Lit-6',5,NULL,'\0',3,'\0',10),(62,'Lit-7',5,NULL,'\0',3,'',0),(63,'Lit-8',5,NULL,'\0',3,'\0',15),(64,'Lit-9',5,NULL,'\0',3,'',0),(65,'Lit-10',5,NULL,'\0',2,'\0',10),(66,'Lit-11',5,NULL,'',0,'\0',0),(67,'Lit-12',5,NULL,'\0',2,'\0',4),(68,'Lit-13',5,NULL,'\0',3,'',0),(69,'Lit-14',5,NULL,'\0',2,'\0',5),(70,'Lit-15',5,NULL,'',0,'\0',0),(71,'Lit-16',5,NULL,'\0',2,'\0',6),(72,'Lit-1',6,NULL,'',0,'\0',0),(73,'Lit-2',6,NULL,'\0',3,'\0',15),(74,'Lit-3',6,NULL,'',0,'\0',0),(75,'Lit-4',6,NULL,'',0,'\0',0),(76,'Lit-5',6,NULL,'\0',3,'',0),(77,'Lit-6',6,NULL,'',0,'\0',0),(78,'Lit-7',6,NULL,'\0',2,'\0',4),(79,'Lit-8',6,NULL,'',0,'\0',0),(80,'Lit-9',6,NULL,'\0',2,'\0',12),(81,'Lit-1',7,NULL,'',0,'\0',0),(82,'Lit-2',7,NULL,'\0',3,'',0),(83,'Lit-3',7,NULL,'\0',2,'\0',2),(84,'Lit-4',7,NULL,'\0',2,'\0',3),(85,'Lit-5',7,NULL,'\0',3,'',0),(86,'Lit-6',7,NULL,'\0',3,'\0',0),(87,'Lit-7',7,NULL,'\0',2,'\0',15),(88,'Lit-6',8,NULL,'',0,'\0',0),(89,'Lit-1',9,NULL,'\0',2,'\0',8),(90,'Lit-2',9,NULL,'\0',2,'\0',10),(91,'Lit-3',9,NULL,'',0,'\0',0),(92,'Lit-4',9,NULL,'',0,'\0',0),(93,'Lit-5',9,NULL,'\0',2,'\0',5),(94,'Lit-1',10,NULL,'',0,'\0',0),(95,'Lit-2',10,NULL,'',0,'\0',0),(96,'Lit-3',10,NULL,'',0,'\0',0),(97,'Lit-4',10,NULL,'',0,'\0',0),(98,'Lit-5',10,NULL,'',0,'\0',0),(99,'Lit-1',11,NULL,'',0,'\0',0),(100,'Lit-2',11,NULL,'',0,'\0',0),(101,'Lit-3',11,NULL,'',0,'\0',0),(102,'Lit-4',11,NULL,'',0,'\0',0),(103,'Lit-5',11,NULL,'',0,'\0',0),(104,'Lit-6',11,NULL,'',0,'\0',0),(105,'Lit-7',11,NULL,'',0,'\0',0),(106,'Lit-1',12,NULL,'',0,'\0',0),(107,'Lit-2',12,NULL,'',0,'\0',0),(108,'Lit-3',12,NULL,'',0,'\0',0),(109,'Lit-4',12,NULL,'',0,'\0',0),(110,'Lit-5',12,NULL,'',0,'\0',0),(111,'Lit-6',12,NULL,'',0,'\0',0),(112,'Lit-7',12,NULL,'',0,'\0',0),(113,'Lit-8',12,NULL,'',0,'\0',0),(114,'Lit-9',12,NULL,'',0,'\0',0),(115,'Lit-10',12,NULL,'',0,'\0',0),(116,'Lit-11',12,NULL,'',0,'\0',0),(117,'Lit-12',12,NULL,'',0,'\0',0),(118,'Lit-13',12,NULL,'',0,'\0',0),(119,'Lit-14',12,NULL,'',0,'\0',0),(120,'Lit-15',12,NULL,'',0,'\0',0),(121,'Lit-1',13,NULL,'\0',2,'\0',4),(122,'Lit-2',13,NULL,'\0',2,'\0',6),(123,'Lit-3',13,NULL,'\0',2,'\0',0),(124,'Lit-4',13,NULL,'\0',3,'',0),(125,'Lit-5',13,NULL,'\0',2,'\0',4),(126,'Lit-1',14,NULL,'\0',2,'\0',8),(127,'Lit-2',14,NULL,'\0',3,'\0',18),(128,'Lit-3',14,NULL,'',0,'\0',0),(129,'Lit-4',14,NULL,'',0,'\0',0),(130,'Lit-5',14,NULL,'\0',3,'\0',24),(131,'Lit-6',14,NULL,'',0,'\0',0),(132,'Lit-7',14,NULL,'\0',2,'\0',3),(133,'Lit-8',14,NULL,'',0,'\0',0),(134,'Lit-9',14,NULL,'\0',2,'\0',15),(135,'Lit-10',14,NULL,'',0,'\0',0),(136,'Lit-11',14,NULL,'',0,'\0',0),(137,'Lit-12',14,NULL,'\0',2,'\0',4),(138,'Lit-13',14,NULL,'',0,'\0',0),(139,'Lit-1',15,NULL,'',0,'\0',0),(140,'Lit-2',15,NULL,'\0',2,'\0',4),(141,'Lit-3',15,NULL,'\0',2,'\0',2),(142,'Lit-4',15,NULL,'\0',2,'\0',8),(143,'Lit-1',16,NULL,'\0',2,'\0',6),(144,'Lit-2',16,NULL,'\0',2,'\0',9),(145,'Lit-3',16,NULL,'',0,'\0',0),(146,'Lit-5',15,NULL,'\0',2,'\0',4),(147,'Lit-4',16,NULL,'\0',3,'\0',24),(148,'Lit-6',15,NULL,'\0',2,'\0',8),(149,'Lit-1',17,NULL,'',0,'\0',0),(150,'Lit-2',17,NULL,'\0',2,'\0',4),(151,'Lit-3',17,NULL,'\0',2,'\0',4),(152,'Lit-4',17,NULL,'\0',2,'\0',8),(153,'Lit-1',18,NULL,'\0',2,'\0',6),(154,'Lit-2',18,NULL,'\0',2,'\0',10),(155,'Lit-3',18,NULL,'\0',2,'\0',12),(156,'Lit-4',18,NULL,'\0',3,'\0',15),(157,'Lit-5',18,NULL,'\0',3,'\0',18),(158,'Lit-6',18,NULL,'\0',2,'\0',5),(159,NULL,NULL,NULL,'\0',0,'\0',0),(160,NULL,NULL,NULL,'\0',0,'\0',0),(161,NULL,NULL,NULL,'\0',0,'\0',0);
/*!40000 ALTER TABLE `bed` ENABLE KEYS */;
UNLOCK TABLES;

--
-- Table structure for table `city`
--

DROP TABLE IF EXISTS `city`;
/*!40101 SET @saved_cs_client     = @@character_set_client */;
/*!40101 SET character_set_client = utf8 */;
CREATE TABLE `city` (
  `cityid` bigint(20) NOT NULL AUTO_INCREMENT,
  `name` varchar(255) DEFAULT NULL,
  `regionid` bigint(20) DEFAULT NULL,
  PRIMARY KEY (`cityid`),
  KEY `FKta57qlrhwxawi0ks1334ar173` (`regionid`)
) ENGINE=MyISAM AUTO_INCREMENT=1268 DEFAULT CHARSET=latin1;
/*!40101 SET character_set_client = @saved_cs_client */;

--
-- Dumping data for table `city`
--

LOCK TABLES `city` WRITE;
/*!40000 ALTER TABLE `city` DISABLE KEYS */;
INSERT INTO `city` VALUES (1,'Houmet Essouk',11),(2,'Ariana Ville',1),(3,'El Menzah 6',1),(4,'La Soukra',1),(5,'Borj Louzir',1),(6,'Cit El Ghazala',1),(7,'Cit Ennasr 1',1),(8,'Mnihla',1),(9,'Nouvelle Ariana',1),(10,'El Menzah 5',1),(11,'El Menzah 8',1),(12,'Cite El Ghazala 1',1),(13,'El Menzah 7',1),(14,'Riadh Andalous',1),(15,'Raoued',1),(16,'Ariana Essoughra',1),(17,'Aeroport Tunis Carthage',1),(18,'Sidi Thabet',1),(19,'Ettadhamen',1),(20,'Kalat el-Andalous',1),(21,'Le Bardo',2),(22,'La Marsa',2),(23,'Les Berges Du Lac 2',2),(24,'El Manar 1',2),(25,'L\'aouina',2),(26,'El Manar 2',2),(27,'An Zaghouan',2),(28,'Cite El Khadra',2),(29,'Montplaisir',2),(30,'Tunis Belvdre',2),(31,'Le Kram',2),(32,'Bab Bhar',2),(33,'Mutuelleville',2),(34,'Monfleury',2),(35,'Les Berges Du Lac',2),(36,'El Menzah 9',2),(37,'El Menzah',2),(38,'El Manar',2),(39,'Bab Saadoun',2),(40,'Ettahrir',2),(41,'Jardins de Carthage',2),(42,'El Omrane Superieur',2),(43,'Cit Olympique',2),(44,'La Goulette',2),(45,'Gammarth',2),(46,'Ezzahrouni',2),(47,'Carthage',2),(48,'Cit les Palmerais',2),(49,'El Menzah 4',2),(50,'Sidi Hassine',2),(51,'Republique',2),(52,'Les Jardins d\'El Menzah 1',2),(53,'El Ouerdia',2),(54,'Abou El Kacem Chebbi',2),(55,'Bab Alioua',2),(56,'Bab Souika',2),(57,'Djebel Jelloud',2),(58,'El Kabaria',2),(59,'El Omrane',2),(60,'Ezzouhour',19),(61,'Hraria',2),(62,'Hammam Lif',3),(63,'El Mourouj 1',3),(64,'Rades',3),(65,'Nouvelle Medina',3),(66,'Ezzahra',3),(67,'Megrine',3),(68,'Ben Arous',3),(69,'El Mourouj 4',3),(70,'El Mourouj 3',3),(71,'El Mourouj',3),(72,'El Mourouj 5',3),(73,'Megrine Riadh',3),(74,'Mohamadia',3),(75,'El Mourouj 6',3),(76,'Bou Mhel El Bassatine',3),(77,'Bou Mhel',3),(78,'Megrine Coteau',3),(79,'Sidi Rezig',3),(80,'Fouchana',3),(81,'Hammam Chott',3),(82,'Mohamedia',3),(83,'Mornag',3),(84,'Sfax Ville',4),(85,'Sfax El Jadida',4),(86,'Sfax Sud',4),(87,'El Ain',4),(88,'Sfax Est',4),(89,'Sakiet Ezzit',4),(90,'Bab El Jebli',4),(91,'Merkez Chihya',4),(92,'Sidi Abbes',4),(93,'Sakiet Eddaier',4),(94,'Agareb',4),(95,'Bir Ali Ben Khalifa',4),(96,'El Amra',4),(97,'El Hencha',4),(98,'Graba',4),(99,'Jebiniana',4),(100,'Kerkennah',4),(101,'Mahrs',4),(102,'Menzel Chaker',4),(103,'Sfax Ouest',4),(104,'Skhira',4),(105,'Thyna',4),(106,'Sousse Ville',5),(107,'Sousse',5),(108,'Hammam Sousse',5),(109,'Sousse Jaouhara',5),(110,'Sahloul',5),(111,'Sousse Riadh',5),(112,'Akouda ',5),(113,'Sousse Corniche',5),(114,'Tantana ',5),(115,'El Kantaoui ',5),(116,'Sousse Khezama',5),(117,'Khezama Ouest ',5),(118,'Msaken ',5),(119,'Bouficha',5),(120,'Enfida',5),(121,'Hergla',5),(122,'Kala Kebira',5),(123,'Kala Seghira',5),(124,'Kondar',5),(125,'Sidi Bou Ali',5),(126,'Sidi El Hani',5),(127,'Sousse Sidi Abdelhamid',5),(128,'Bekalta',6),(129,'Bembla',6),(130,'Beni Hassen',6),(131,'Jemmal',6),(132,'Ksar Hellal',6),(133,'Ksibet el-Mdiouni',6),(134,'Moknine',6),(135,'Monastir',6),(136,'Ouerdanine',6),(137,'Sahline',6),(138,'Sayada-Lamta-Bou Hajar',6),(139,'Tboulba',6),(140,'Zramdine',6),(141,'Bni Khalled',7),(142,'Bni Khiar',7),(143,'Bou Argoub',7),(144,'Dar Chaabane El Fehri',7),(145,'El Haouaria',7),(146,'El Mida',7),(147,'Grombalia',7),(148,'Hammam Ghezze',7),(149,'Hammamet',7),(150,'Klibia',7),(151,'Korba',7),(152,'Menzel Bouzelfa',7),(153,'Menzel Temime',7),(154,'Nabeul',7),(155,'Soliman',7),(156,'Takelsa',7),(157,'Bou Merdes',8),(158,'Chebba',8),(159,'Chorbane',8),(160,'El Jem',8),(161,'Essouassi',8),(162,'Hebira',8),(163,'Ksour Essef',8),(164,'Mahdia',8),(165,'Melloulche',8),(166,'Ouled Chamekh',8),(167,'Sidi Alouane',8),(168,'Bou Hajla',9),(169,'Chebika',9),(170,'Echrarda',9),(171,'El Alaa',9),(172,'Haffouz',9),(173,'Hajeb El Ayoun',9),(174,'Kairouan Nord',9),(175,'Kairouan Sud',9),(176,'Nasrallah',9),(177,'Oueslatia',9),(178,'Sbikha',9),(179,'Bizerte Nord',10),(180,'Bizerte Sud',10),(181,'El Alia',10),(182,'Ghar El Melh',10),(183,'Ghezala',10),(184,'Joumine',10),(185,'Mateur',10),(186,'Menzel Bourguiba',10),(187,'Menzel Jemil',10),(188,'Ras Jebel',10),(189,'Sejnane',10),(190,'Ben Gardane',11),(191,'Beni Khedache',11),(192,'Djerba - Ajim',11),(194,'Djerba - Midoun',11),(195,'Mdenine Nord',11),(196,'Mdenine Sud',11),(197,'Sidi Makhlouf',11),(198,'Zarzis',11),(199,'Medenine',11),(200,'Borj El Amri',12),(201,'Djedeida',12),(202,'Douar Hicher',12),(203,'El Batan',12),(204,'Mannouba',12),(205,'Mornaguia',12),(206,'Oued Ellil',12),(207,'Tebourba',12),(208,'Denden',12),(209,'Ain El Karma',12),(210,'Gabes Medina',13),(211,'Gabes Ouest',13),(212,'Gabes Sud',13),(213,'Ghannouch',13),(214,'El Hamma',13),(215,'Matmata',13),(216,'Mareth',13),(217,'Menzel El Habib',13),(218,'Amdoun',14),(219,'Beja Nord',14),(220,'Beja Sud',14),(221,'Goubellat',14),(222,'Medjez el-Bab',14),(223,'Nefza',14),(224,'Tboursouk',14),(225,'Testour',14),(226,'Thibar',14),(227,'Belkhir',15),(228,'El Guettar',15),(229,'El Ksar',15),(230,'Gafsa Nord',15),(231,'Gafsa Sud',15),(232,'Mdhilla',15),(233,'Mtlaoui',15),(234,'Moulars',15),(235,'Redeyef',15),(236,'Sened',15),(237,'Sidi Ach',15),(238,'Gafsa Ville',15),(239,'Ain Draham',16),(240,'Balta-Bou Aouane',16),(241,'Bou Salem',16),(242,'Fernana',16),(243,'Ghardimaou',16),(244,'Jendouba Sud',16),(245,'Jendouba Nord',16),(246,'Oued Meliz',16),(247,'Tabarka',16),(248,'Jendouba',16),(249,'Dahmani',17),(250,'Jrissa',17),(251,'El Ksour',17),(252,'Sers',17),(253,'Kalat Khasba',17),(254,'Kalaat Senan',17),(255,'Le Kef Est',17),(256,'Le Kef Ouest',17),(257,'Nebeur',17),(258,'Sakiet Sidi Youssef',17),(259,'Tajerouine',17),(260,'Bir El Hafey',18),(261,'Cebbala Ouled Asker',18),(262,'Jilma',18),(263,'Meknassy',18),(264,'Menzel Bouzaiane',18),(265,'Mezzouna',18),(266,'Ouled Haffouz',18),(267,'Regueb',18),(268,'Sidi Ali Ben Aoun',18),(269,'Sidi Bouzid Est',18),(270,'Sidi Bouzid Ouest',18),(271,'Souk Jedid',18),(272,'Sidi Bouzid',18),(273,'El Ayoun',19),(274,'Friana',19),(275,'Foussana',19),(276,'Hadra',19),(277,'Hassi El Ferid',19),(278,'Jedelienne',19),(279,'Kasserine Nord',19),(280,'Kasserine Sud',19),(281,'Majel Bel Abbs',19),(282,'Sbetla',19),(283,'Sbiba',19),(284,'Thala',19),(285,'Kasserine',19),(286,'Bir Mcherga',20),(287,'El Fahs',20),(288,'Nadhour',20),(289,'Saouaf',20),(290,'Zaghouan',20),(291,'Zriba',20),(292,'Bargou',21),(293,'Bou Arada',21),(294,'El Aroussa',21),(295,'El Krib',21),(296,'Gafour',21),(297,'Kesra',21),(298,'Makthar',21),(299,'Rouhia',21),(300,'Sidi Bou Rouis',21),(301,'Siliana Nord',21),(302,'Siliana Sud',21),(303,'Siliana',21),(304,'Douz Nord',22),(305,'Douz Sud',22),(306,'Faouar',22),(307,'Kebili Nord',22),(308,'Kebili Sud',22),(309,'Souk Lahad',22),(310,'Kebili',22),(311,'Bir Lahmar',23),(312,'Dehiba',23),(313,'Ghomrassen',23),(314,'Remada',23),(315,'Smar',23),(316,'Tataouine Nord',23),(317,'Tataouine Sud',23),(318,'Tataouine',23),(319,'Degache',24),(320,'Hazoua',24),(321,'Nefta',24),(322,'Tameghza',24),(323,'Tozeur',24),(324,'El Manar 3',2),(325,'Centre Urbain Nord',2),(326,'Cit Ennasr 2',1),(327,'Adrar',25),(328,'Reggane',25),(329,'Tsabit',25),(330,'Zaouiat Kounta',25),(331,'Aoulef',25),(332,'Fenoughil',25),(333,'Chlef',26),(334,'Tenes',26),(335,'El Karimia',26),(336,'Taougrit',26),(337,'Beni Haoua',26),(338,'Ouled Fares',26),(339,'Boukadir',26),(340,'Zeboudja',26),(341,'Abou El Hassane',26),(342,'El Marsa',26),(343,'Oued Fodda',26),(344,'Ouled Ben Abdelkader',26),(345,'Ain Merane',26),(346,'Laghouat',27),(347,'Ksar El Hirane',27),(348,'Sidi Makhlouf',27),(349,'Hassi R\'mel',27),(350,'Ain Madhi',27),(351,'Gueltat Sidi Saad',27),(352,'Brida',27),(353,'El Ghicha',27),(354,'Aflou',27),(355,'Oued Morra',27),(356,'Oum El Bouaghi',28),(357,'Ain Beida',28),(358,'Ain M\'lila',28),(359,'Sigus',28),(360,'Ain Babouche',28),(361,'Dhalaa',28),(362,'Ain Kercha',28),(363,'F\'kirina',28),(364,'Souk Naamane',28),(365,'Ksar Sbahi',28),(366,'Meskiana',28),(367,'Ain Fekroun',28),(368,'Batna',29),(369,'Merouana',29),(370,'Seriana',29),(371,'Menaa',29),(372,'El Madher',29),(373,'Tazoult',29),(374,'N\'gaous',29),(375,'Arris',29),(376,'Ain Djasser',29),(377,'Seggana',29),(378,'Ichemoul',29),(379,'Bouzina',29),(380,'Chemora',29),(381,'Barika',29),(382,'Djezzar',29),(383,'Tkout',29),(384,'Ain Touta',29),(385,'Theniet El Abed',29),(386,'Timgad',29),(387,'Ras El Aioun',29),(388,'Ouled Si Slimane',29),(389,'Bejaia',30),(390,'Amizour',30),(391,'Timezrit',30),(392,'Souk El Tenine',30),(393,'Tichy',30),(394,'Ighil Ali',30),(395,'Darguina',30),(396,'Aokas',30),(397,'Adekar',30),(398,'Akbou',30),(399,'Seddouk',30),(400,'Tazmalt',30),(401,'Chemini',30),(402,'Barbacha',30),(403,'Ifri Ouzellaguene',30),(404,'Sidi Aich',30),(405,'El Kseur',30),(406,'Kherrata',30),(407,'Beni Maouche',30),(408,'Biskra',31),(409,'Sidi Okba',31),(410,'Mechouneche',31),(411,'Zeribet El Oued',31),(412,'El Kantara',31),(413,'El Outaya',31),(414,'Djemorah',31),(415,'Tolga',31),(416,'Ourlal',31),(417,'Foughala',31),(418,'Bechar',32),(419,'Lahmar',32),(420,'Kenadsa',32),(421,'Tabelbala',32),(422,'Taghit',32),(423,'Abadla',32),(424,'Beni Ounif',32),(425,'Blida',33),(426,'Bouinan',33),(427,'Oued El Alleug',33),(428,'Ouled Yaich',33),(429,'El Affroun',33),(430,'Mouzaia',33),(431,'Meftah',33),(432,'Boufarik',33),(433,'Larbaa',33),(434,'Bougara',33),(435,'Bouira',34),(436,'Souk El Khemis',34),(437,'Kadiria',34),(438,'Haizer',34),(439,'Lakhdaria',34),(440,'El Hachimia',34),(441,'Bordj Okhriss',34),(442,'Bechloul',34),(443,'Ain Bessem',34),(444,'Bir Ghbalou',34),(445,'M\'chedallah',34),(446,'Sour El Ghozlane',34),(447,'Tamanrasset',35),(448,'Silet',35),(449,'Tazrouk',35),(450,'Tebessa',36),(451,'Bir El Ater',36),(452,'Cheria',36),(453,'El Aouinet',36),(454,'Negrine',36),(455,'Bir Mokadem',36),(456,'El Kouif',36),(457,'Morsott',36),(458,'El Ogla',36),(459,'Ouenza',36),(460,'El Malabiod',36),(461,'Oum Ali',36),(462,'Tlemcen',37),(463,'Ain Tellout',37),(464,'Remchi',37),(465,'Sabra',37),(466,'Ghazaouet',37),(467,'Ouled Mimoun',37),(468,'Beni Snous',37),(469,'Bab El Assa',37),(470,'Fellaoucene',37),(471,'Bensekrane',37),(472,'Hennaya',37),(473,'Maghnia',37),(474,'Sebdou',37),(475,'Beni Boussaid',37),(476,'Marsa Ben Mehdi',37),(477,'Nedroma',37),(478,'Sidi Djillali',37),(479,'Honnaine',37),(480,'Chetouane',37),(481,'Mansourah',37),(482,'Tiaret',38),(483,'Medroussa',38),(484,'Ain Deheb',38),(485,'Dahmouni',38),(486,'Rahouia',38),(487,'Mahdia',38),(488,'Sougueur',38),(489,'Meghila',38),(490,'Frenda',38),(491,'Ain Kermes',38),(492,'Ksar Chellala',38),(493,'Oued Lili',38),(494,'Mechraa Sfa',38),(495,'Hamadia',38),(496,'Tizi Ouzou',39),(497,'Ain El Hammam',39),(498,'Makouda',39),(499,'Draa El Mizan',39),(500,'Tizi-Ghenif',39),(501,'Iferhounene',39),(502,'Azazga',39),(503,'Larbaa Nath Iraten',39),(504,'Tizi Rached',39),(505,'Ouaguenoun',39),(506,'Maatkas',39),(507,'Beni Douala',39),(508,'Bouzeguene',39),(509,'Ouadhias',39),(510,'Azeffoun',39),(511,'Tigzirt',39),(512,'Boghni',39),(513,'Draa Ben Khedda',39),(514,'Ouacif',39),(515,'Mekla',39),(516,'Benni Yenni',39),(517,'Sidi M\'hamed',40),(518,'Bab El Oued',40),(519,'Bir Mourad Rais',40),(520,'Bouzareah',40),(521,'El Harrach',40),(522,'Baraki',40),(523,'Hussein Dey',40),(524,'Dar El Beida',40),(525,'Birtouta',40),(526,'Rouiba',40),(527,'Zeralda',40),(528,'Draria',40),(529,'Cheraga',40),(530,'Djelfa',41),(531,'Hassi Bahbah',41),(532,'Faidh El Botma',41),(533,'Birine',41),(534,'El Idrissia',41),(535,'Messaad',41),(536,'Sidi Laadjel',41),(537,'Had Sahary',41),(538,'Dar Chioukh',41),(539,'Charef',41),(540,'Ain El Ibel',41),(541,'Ain Oussera',41),(542,'Jijel',42),(543,'El Aouana',42),(544,'Ziamah Mansouriah',42),(545,'Taher',42),(546,'Chekfa',42),(547,'El Milia',42),(548,'Sidi Marouf',42),(549,'Settara',42),(550,'El Ancer',42),(551,'Djimla',42),(552,'Texenna',42),(553,'Setif',43),(554,'Ain El Kebira',43),(555,'Beni Aziz',43),(556,'Bir El Arch',43),(557,'Babor',43),(558,'Guidjel',43),(559,'El Eulma',43),(560,'Djemila',43),(561,'Beni Ourtilane',43),(562,'Ain Arnat',43),(563,'Amoucha',43),(564,'Ain Oulmene',43),(565,'Bouandas',43),(566,'Hammam Sokhna',43),(567,'Salah Bey',43),(568,'Ain Azel',43),(569,'Guenzet',43),(570,'Bougaa',43),(571,'Hammam Guergour',43),(572,'Maoklane',43),(573,'Saida',44),(574,'Ain El Hadjar',44),(575,'Youb',44),(576,'Sidi Boubekeur',44),(577,'El Hassasna',44),(578,'Ouled Brahim',44),(579,'Skikda',45),(580,'El Hadaiek',45),(581,'Azzaba',45),(582,'Ben Azzouz',45),(583,'Collo',45),(584,'Ouled Attia',45),(585,'Zitouna',45),(586,'El Harrouch',45),(587,'Sidi Mezghiche',45),(588,'Ramdane Djamel',45),(589,'Tamalous',45),(590,'Ain Kechra',45),(591,'Oum Toub',45),(592,'Sidi Bel Abbes',46),(593,'Tessala',46),(594,'Mostefa  Ben Brahim',46),(595,'Telagh',46),(596,'Sidi Ali Boussidi',46),(597,'Marhoum',46),(598,'Sidi Lahcene',46),(599,'Tenira',46),(600,'Moulay Slissen',46),(601,'Merine',46),(602,'Ras El Ma',46),(603,'Ain El Berd',46),(604,'Sfisef',46),(605,'Ben Badis',46),(606,'Sidi Ali Ben Youb',46),(607,'Annaba',47),(608,'Berrahal',47),(609,'El Hadjar',47),(610,'El Bouni',47),(611,'Ain El Berda',47),(612,'Chetaibi',47),(613,'Guelma',48),(614,'Oued Zenati',48),(615,'Ain Makhlouf',48),(616,'Khezaras',48),(617,'Guelaat Bousbaa',48),(618,'Hammam Debagh',48),(619,'Hammam N\'bails',48),(620,'Bouchegouf',48),(621,'Heliopolis',48),(622,'Ain Hessainia',48),(623,'Constantine',49),(624,'Hamma Bouziane',49),(625,'Zighoud Youcef',49),(626,'El Khroub',49),(627,'Ain Abid',49),(628,'Ibn Ziad',49),(629,'Medea',50),(630,'Ouzera',50),(631,'Ain Boucif',50),(632,'El Omaria',50),(633,'Guelb El Kebir',50),(634,'Chellalat El Adhaoura',50),(635,'Sidi Naamane',50),(636,'Aziz',50),(637,'Souaghi',50),(638,'Ksar El Boukhari',50),(639,'El Azizia',50),(640,'Chahbounia',50),(641,'Ouamri',50),(642,'Si Mahdjoub',50),(643,'Beni Slimane',50),(644,'Berrouaghia',50),(645,'Seghouane',50),(646,'Tablat',50),(647,'Ouled Antar',50),(648,'Mostaganem',51),(649,'Ain Nouicy',51),(650,'Hassi Mameche',51),(651,'Ain Tedeles',51),(652,'Kheir Eddine',51),(653,'Sidi Ali',51),(654,'Sidi Lakhdar',51),(655,'Achaacha',51),(656,'Bouguirat',51),(657,'Mesra',51),(658,'M\'sila',52),(659,'Hammam Dalaa',52),(660,'Ouled Derradj',52),(661,'Khoubana',52),(662,'Chellal',52),(663,'Magra',52),(664,'Sidi Aissa',52),(665,'Ain El Hadjel',52),(666,'Bousaada',52),(667,'Ouled Sidi Brahim',52),(668,'Sidi Ameur',52),(669,'Ben Srour',52),(670,'Ain El Melh',52),(671,'Medjedel',52),(672,'Djebel Messaad',52),(673,'Mascara',53),(674,'Bouhanifia',53),(675,'Tizi',53),(676,'Tighennif',53),(677,'Hachem',53),(678,'Oued El Abtal',53),(679,'Ghriss',53),(680,'El Bordj',53),(681,'Ain Fekan',53),(682,'Oued Taria',53),(683,'Aouf',53),(684,'Ain Fares',53),(685,'Sig',53),(686,'Oggaz',53),(687,'Zahana',53),(688,'Mohammadia',53),(689,'Ouargla',54),(690,'N\'goussa',54),(691,'Hassi Messaoud',54),(692,'Sidi Khouiled',54),(693,'El Borma',54),(694,'Oran',55),(695,'Gdyel',55),(696,'Bir El Djir',55),(697,'Es Senia',55),(698,'Arzew',55),(699,'Bethioua',55),(700,'Ain Turk',55),(701,'Oued Tlelat',55),(702,'Boutlelis',55),(703,'El Bayadh',56),(704,'Rogassa',56),(705,'Brezina',56),(706,'Labiodh Sidi Cheikh',56),(707,'Bougtoub',56),(708,'Chellala',56),(709,'Boussemghoun',56),(710,'Boualem',56),(711,'Illizi',57),(712,'In Amenas',57),(713,'Bordj Bou Arreridj',58),(714,'Ras El Oued',58),(715,'Bordj Zemmoura',58),(716,'Mansourah',58),(717,'Ain Taghrout',58),(718,'Bordj Ghedir',58),(719,'El Hamadia',58),(720,'Medjana',58),(721,'Djaafra',58),(722,'Bir Kasdali',58),(723,'Boumerdes',59),(724,'Boudouaou',59),(725,'Bordj Menaiel',59),(726,'Baghlia',59),(727,'Naciria',59),(728,'Isser',59),(729,'Thenia',59),(730,'Dellys',59),(731,'Khemis El Khechna',59),(732,'El Tarf',60),(733,'Bouhadjar',60),(734,'Ben M\'hidi',60),(735,'El Kala',60),(736,'Bouteldja',60),(737,'Drean',60),(738,'Besbes',60),(739,'Tindouf',61),(740,'Tissemsilt',62),(741,'Bordj Bounaama',62),(742,'Theniet El Had',62),(743,'Lazharia',62),(744,'Lardjem',62),(745,'Bordj Emir Abdelkader',62),(746,'Khemisti',62),(747,'Ammari',62),(748,'El Oued',63),(749,'Robbah',63),(750,'Bayadha',63),(751,'Guemar',63),(752,'Reguiba',63),(753,'Debila',63),(754,'Hassi Khalifa',63),(755,'Taleb Larbi',63),(756,'Magrane',63),(757,'Mih Ouensa',63),(758,'Khenchela',64),(759,'Kais',64),(760,'El Hamma',64),(761,'Ain Touila',64),(762,'Bouhmama',64),(763,'Chechar',64),(764,'Babar',64),(765,'Ouled Rechache',64),(766,'Souk Ahras',65),(767,'Sedrata',65),(768,'Mechroha',65),(769,'Ouled Driss',65),(770,'Taoura',65),(771,'Haddada',65),(772,'Merahna',65),(773,'Bir Bouhouche',65),(774,'M\'daourouche',65),(775,'Oum El Adhaim',65),(776,'Tipaza',66),(777,'Hadjout',66),(778,'Sidi Amar',66),(779,'Gouraya',66),(780,'Cherchell',66),(781,'Damous',66),(782,'Fouka',66),(783,'Bou Ismail',66),(784,'Ahmar El Ain',66),(785,'Kolea',66),(786,'Mila',67),(787,'Ferdjioua',67),(788,'Chelghoum Laid',67),(789,'Teleghma',67),(790,'Tadjenanet',67),(791,'Oued Endja',67),(792,'Bouhatem',67),(793,'Rouached',67),(794,'Grarem Gouga',67),(795,'Sidi Merouane',67),(796,'Tassadane Haddada',67),(797,'Terrai Bainen',67),(798,'Ain Beida Harriche',67),(799,'Ain Defla',68),(800,'Miliana',68),(801,'Boumedfaa',68),(802,'Khemis',68),(803,'Hammam Righa',68),(804,'Djelida',68),(805,'El Amra',68),(806,'El Attaf',68),(807,'El Abadia',68),(808,'Djendel',68),(809,'Ain Lechiakh',68),(810,'Rouina',68),(811,'Bordj El Emir Khaled',68),(812,'Bathia',68),(813,'Naama',69),(814,'Mecheria',69),(815,'Ain Sefra',69),(816,'Sfissifa',69),(817,'Moghrar',69),(818,'Asla',69),(819,'Mekmen Ben Amar',69),(820,'Ain Temouchent',70),(821,'Hammam Bou Hadjar',70),(822,'Ain Larbaa',70),(823,'El Maleh',70),(824,'El Amria',70),(825,'Ain Kihel',70),(826,'Beni Saf',70),(827,'Oulhassa Gheraba',70),(828,'Ghardaia',71),(829,'Dhayet Ben Dhahoua',71),(830,'Berriane',71),(831,'Metlili',71),(832,'El Guerrara',71),(833,'Zelfana',71),(834,'Bounoura',71),(835,'Mansourah',71),(836,'Relizane',72),(837,'Oued Rhiou',72),(838,'El H\'madna',72),(839,'Sidi M\'hamed Ben Ali',72),(840,'Ammi Moussa',72),(841,'Zemmoura',72),(842,'Djidiouia',72),(843,'El Matmar',72),(844,'Ain Tarek',72),(845,'Mazouna',72),(846,'Yellel',72),(847,'Ramka',72),(848,'Mendes',72),(849,'Charouine',73),(850,'Timimoun',73),(851,'Tinerkouk',73),(852,'Aougrout',73),(853,'Bordj Badji Mokhtar',74),(854,'Ouled Djellal',75),(855,'Sidi Khaled',75),(856,'Ouled Khodeir',76),(857,'Beni Abbes',76),(858,'Igli',76),(859,'El Ouata',76),(860,'Kerzaz',76),(861,'In Ghar',77),(862,'In Salah',77),(863,'In Guezzam',78),(864,'Tin Zouatine',78),(865,'Touggourt',79),(866,'El-Hadjira',79),(867,'Taibet',79),(868,'Temacine',79),(869,'Megarine',79),(870,'Djanet',80),(871,'El Meghaier',81),(872,'Djamaa',81),(873,'El Menia',82),(874,'Mansourah',82),(876,'Ben Yakhlef',88),(877,'Bouskoura',88),(878,'Casablanca',88),(879,'Mdiouna',88),(880,'Mohammadia',88),(881,'Tit Mellil',88),(882,'Ben Yakhlef',88),(883,'Bejad',87),(884,'Ben Ahmed',88),(885,'Benslimane',88),(886,'Berrechid',88),(887,'Boujniba',87),(888,'Boulanouare',87),(889,'Bouznika',88),(890,'Deroua',88),(891,'El Borouj',88),(892,'El Gara',88),(893,'Guisser',88),(894,'Hattane',87),(895,'Khouribga',87),(896,'Loulad',88),(897,'Oued Zem',87),(898,'Oulad Abbou',88),(899,'Oulad H\'Riz Sahel',88),(900,'Oulad M\'rah',88),(902,'Oulad Sidi Ben Daoud',88),(904,'Settat',88),(906,'Soualem',88),(907,'Azemmour',88),(908,'Bir Jdid',88),(909,'Bouguedra',89),(910,'Echemmaia',89),(911,'El Jadida',88),(912,'Hrara',89),(913,'Ighoud',89),(914,'Jamat Shaim',89),(915,'Jorf Lasfar',88),(916,'Khemis Zemamra',88),(917,'Laaounate',88),(918,'Moulay Abdallah',88),(919,'Oualidia',88),(920,'Oulad Amrane',88),(921,'Oulad Frej',88),(922,'Oulad Ghadbane',88),(923,'Safi',89),(924,'Sebt El Marif',88),(925,'Sebt Gzoula',89),(926,'Sidi Ahmed',89),(927,'Sidi Ali Ban Hamdouche',88),(928,'Sidi Bennour',88),(929,'Sidi Bouzid',88),(931,'Youssoufia',89),(934,'Bhalil',85),(935,'Boulemane',85),(936,'El Menzel',85),(937,'Guigou',85),(938,'Imouzzer Kandar',85),(939,'Imouzzer Marmoucha',85),(940,'Missour',85),(941,'Moulay Yacoub',85),(942,'Ouled Tayeb',85),(943,'Outat El Haj',85),(944,'Ribate El Kheir',85),(945,'Sfrou',85),(946,'Skhinate',85),(947,'Tafajight',85),(948,'Arbaoua',86),(950,'Dar Gueddari',86),(951,'Had Kourt',86),(952,'Jorf El Melha',86),(953,'Knitra',86),(954,'Khenichet',86),(955,'Lalla Mimouna',86),(956,'Mechra Bel Ksiri',86),(957,'Mehdia',86),(958,'Moulay Bousselham',86),(959,'Sidi Allal Tazi',86),(960,'Sidi Kacem',86),(961,'Sidi Slimane',86),(962,'Sidi Taibi',86),(963,'Sidi Yahya El Gharb',86),(964,'Souk El Arbaa',86),(965,'Akka',91),(966,'Assa',92),(967,'Bouizakarne',92),(968,'El Ouatia',92),(969,'Es-Semara',93),(970,'Fam El Hisn',91),(971,'Foum Zguid',91),(972,'Guelmim',92),(973,'Taghjijt',92),(974,'Tan-Tan',92),(975,'Tata',91),(976,'Zag',92),(977,'Marrakech',89),(978,'Ait Daoud',89),(979,'Amizmiz',89),(980,'Assahrij',89),(982,'Ben Guerir',89),(983,'Chichaoua',89),(984,'El Hanchane',89),(985,'El Kela des Sraghna',89),(986,'Essaouira',89),(988,'Ghmate',89),(989,'Ighounane',90),(990,'Imintanoute',89),(991,'Kattara',89),(992,'Lalla Takerkoust',89),(993,'Loudaya',89),(994,'Lattaouia',89),(995,'Moulay Brahim',89),(996,'Mzouda',89),(997,'Ounagha',89),(998,'Sid L\'Mokhtar',89),(999,'Sid Zouin',89),(1000,'Sidi Abdallah Ghiat',89),(1001,'Sidi Bou Othmane',89),(1002,'Sidi Rahhal',89),(1003,'Skhour Rehamna',89),(1004,'Smimou',89),(1005,'Tafetachte',89),(1006,'Tahannaout',89),(1007,'Talmest',89),(1008,'Tamallalt',89),(1009,'Tamanar',89),(1010,'Tamansourt',89),(1011,'Tameslouht',89),(1012,'Tanalt',91),(1013,'Zeubelemok',89),(1015,'Khnifra',87),(1016,'Agourai',85),(1017,'Ain Taoujdate',85),(1018,'MyAliCherif',90),(1019,'Rissani',90),(1020,'Amalou Ighriben',87),(1021,'Aoufous',90),(1022,'Arfoud',90),(1023,'Azrou',85),(1029,'Boudnib',90),(1030,'Boufakrane',85),(1031,'Boumia',90),(1032,'El Hajeb',85),(1033,'Elkbab',87),(1034,'Er-Rich',87),(1035,'Errachidia',90),(1036,'Gardmit',90),(1037,'Goulmima',90),(1038,'Gourrama',90),(1039,'Had Bouhssoussen',87),(1040,'Haj Kaddour',85),(1041,'Ifrane',85),(1042,'Itzer',90),(1043,'Jorf',90),(1044,'Kehf Nsour',87),(1045,'Kerrouchen',87),(1046,'M\'haya',85),(1047,'M\'rirt',87),(1048,'Midelt',90),(1049,'Moulay Ali Cherif',90),(1050,'Moulay Bouazza',87),(1051,'Moulay Idriss Zerhoun',85),(1052,'Moussaoua',85),(1053,'N\'Zalat Bni Amar',85),(1054,'Ouaoumana',87),(1055,'Oued Ifrane',85),(1056,'Sabaa Aiyoun',85),(1057,'Sebt Jahjouh',85),(1058,'Sidi Addi',85),(1059,'Tichoute',90),(1060,'Tighassaline',87),(1061,'Tighza',87),(1062,'Timahdite',85),(1063,'Tinejdad',90),(1064,'Tizguite',85),(1065,'Toulal',85),(1066,'Tounfite',90),(1067,'Zaouia d\'Ifrane',85),(1069,'Ahfir',84),(1070,'Aklim',84),(1071,'Al Aroui',84),(1075,'Berkane',84),(1076,'Bni Ansar',84),(1077,'Bni Chiker',84),(1078,'Bni Drar',84),(1079,'Bni Tadjite',84),(1080,'Bouanane',84),(1081,'Bouarfa',84),(1082,'Bouhdila',84),(1083,'Dar El Kebdani',84),(1084,'Debdou',84),(1085,'Douar Kannine',84),(1086,'Driouch',84),(1088,'Farkhana',84),(1089,'Figuig',84),(1090,'Ihddaden',84),(1091,'Jadar',84),(1092,'Jerada',84),(1093,'Kariat Arekmane',84),(1094,'Kassita',84),(1095,'Kerouna',84),(1096,'Latamna',84),(1097,'Madagh',84),(1098,'Midar',84),(1099,'Nador',84),(1100,'Naima',84),(1101,'Oued Heimer',84),(1102,'Oujda',84),(1103,'Ras El Ma',84),(1105,'Selouane',84),(1106,'Sidi Boubker',84),(1107,'Sidi Slimane Echcharaa',84),(1108,'Talsint',84),(1109,'Taourirt',84),(1110,'Tendrara',84),(1111,'Tiztoutine',84),(1112,'Touima',84),(1113,'Touissit',84),(1115,'Zeghanghane',84),(1116,'Rabat',86),(1117,'Sal',86),(1118,'Ain El Aouda',86),(1119,'Harhoura',86),(1120,'Khmisset',86),(1122,'Rommani',86),(1123,'Sidi Allal El Bahraoui',86),(1124,'Sidi Bouknadel',86),(1125,'Skhirate',86),(1126,'Tamesna',86),(1127,'Tmara',86),(1128,'Tiddas',86),(1129,'Tiflet',86),(1130,'Touarga',86),(1131,'Agadir',91),(1132,'Agdz',90),(1133,'Agni Izimmer',91),(1135,'Alnif',90),(1136,'Anzi',91),(1137,'Aoulouz',91),(1138,'Aourir',91),(1139,'Arazane',91),(1143,'Ben Sergao',91),(1144,'Biougra',91),(1146,'Dcheira El Jihadia',91),(1147,'Drargua',91),(1148,'El Guerdane',91),(1149,'Harte Lyamine',90),(1150,'Ida Ougnidif',91),(1151,'Ifri',90),(1152,'Igdamen',91),(1153,'Ighil n\'Oumgoun',90),(1154,'Imassine',90),(1155,'Inezgane',91),(1156,'Irherm',91),(1157,'Kelaat-M\'Gouna',90),(1158,'Lakhsas',91),(1159,'Lakhsass',91),(1160,'Lqlia',91),(1161,'M\'semrir',90),(1162,'Massa Maroc)',91),(1163,'Megousse',91),(1164,'Ouarzazate',90),(1165,'Oulad Berhil',91),(1167,'Sarghine',90),(1168,'Sidi Ifni',92),(1169,'Skoura',90),(1170,'Tabounte',90),(1171,'Tafraout',91),(1172,'Taghzout',83),(1173,'Tagzen',91),(1174,'Taliouine',91),(1175,'Tamegroute',90),(1176,'Tamraght',91),(1177,'Tanoumrite Nkob Zagora',90),(1178,'Taourirt ait zaghar',90),(1179,'Taroudannt',91),(1180,'Temsia',91),(1181,'Tifnit',91),(1182,'Tisgdal',91),(1183,'Tiznit',91),(1184,'Toundoute',90),(1185,'Zagora',90),(1186,'Afourar',87),(1187,'Aghbala',87),(1188,'Azilal',87),(1190,'Beni Ayat',87),(1191,'Bni Mellal',87),(1192,'Bin elouidane',87),(1193,'Bradia',87),(1194,'Bzou',87),(1195,'Dar Oulad Zidouh',87),(1196,'Demnate',87),(1197,'Dra\'a',90),(1198,'El Ksiba',87),(1199,'Foum Jamaa',87),(1200,'Fquih Ben Salah',87),(1201,'Kasba Tadla',87),(1202,'Ouaouizeght',87),(1203,'Oulad Ayad',87),(1204,'Oulad M\'Barek',87),(1205,'Oulad Yaich',87),(1206,'Sidi Jaber',87),(1207,'Souk Sebt Oulad Nemma',87),(1209,'Tanger',83),(1210,'Ttouan',83),(1211,'Akchour',83),(1212,'Assilah',83),(1213,'Bab Berred',83),(1214,'Bab Taza',83),(1215,'Brikcha',83),(1216,'Chefchaouen',83),(1217,'Dar Bni Karrich',83),(1218,'Dar Chaoui',83),(1219,'Fnideq',83),(1220,'Gueznaia',83),(1221,'Jebha',83),(1222,'Karia',85),(1223,'Khmis Sahel',83),(1224,'Ksar El Kbir',83),(1225,'Larache',83),(1226,'M\'diq',83),(1227,'Martil',83),(1228,'Moqrisset',83),(1229,'Oued Laou',83),(1230,'Oued Rmel',83),(1231,'Ouazzane',83),(1232,'Point Cires',83),(1233,'Sidi Lyamani',83),(1234,'Sidi Mohamed ben Abdallah el-Raisuni',83),(1235,'Zinat',83),(1236,'Ajdir',83),(1237,'Aknoul',85),(1240,'Bni Bouayach',83),(1241,'Bni Hadifa',83),(1242,'Ghafsai',85),(1243,'Guercif',84),(1244,'Imzouren',83),(1245,'Inahnahen',83),(1246,'Issaguen Ketama',83),(1247,'Karia El Jadida',88),(1248,'Karia Ba Mohamed',85),(1249,'Oued Amlil',85),(1250,'Oulad Zbair',85),(1251,'Tahla',85),(1252,'Tala Tazegwaght',83),(1253,'Tamassint',83),(1254,'Taounate',85),(1255,'Targuist',83),(1256,'Taza',85),(1258,'Thar Es-Souk',85),(1259,'Tissa',85),(1260,'Tizi Ouasli',85),(1261,'Laayoune',93),(1262,'El Marsa',93),(1263,'Tarfaya',93),(1264,'Boujdour',93),(1265,'Awsard',94),(1266,'Oued-Eddahab',94),(1267,'Stehat',83);
/*!40000 ALTER TABLE `city` ENABLE KEYS */;
UNLOCK TABLES;

--
-- Table structure for table `contact`
--

DROP TABLE IF EXISTS `contact`;
/*!40101 SET @saved_cs_client     = @@character_set_client */;
/*!40101 SET character_set_client = utf8 */;
CREATE TABLE `contact` (
  `contactid` bigint(20) NOT NULL AUTO_INCREMENT,
  `cin` varchar(255) DEFAULT NULL,
  `phone_number` varchar(255) DEFAULT NULL,
  `prenom` varchar(255) DEFAULT NULL,
  `adresse` varchar(255) DEFAULT NULL,
  `age` varchar(255) DEFAULT NULL,
  `date_de_naissence` varchar(255) DEFAULT NULL,
  `email` varchar(255) DEFAULT NULL,
  `nom` varchar(255) DEFAULT NULL,
  `profession` varchar(255) DEFAULT NULL,
  `sex` varchar(255) DEFAULT NULL,
  `cityid` bigint(20) DEFAULT NULL,
  `user_id` bigint(20) DEFAULT NULL,
  PRIMARY KEY (`contactid`),
  UNIQUE KEY `UK_cjqqxjkly5hj40axc1whq4yec` (`user_id`),
  KEY `FKqlp1nwvcl64qqwpksx6dmy0t8` (`cityid`)
) ENGINE=MyISAM AUTO_INCREMENT=78 DEFAULT CHARSET=latin1;
/*!40101 SET character_set_client = @saved_cs_client */;

--
-- Dumping data for table `contact`
--

LOCK TABLES `contact` WRITE;
/*!40000 ALTER TABLE `contact` DISABLE KEYS */;
INSERT INTO `contact` VALUES (1,NULL,NULL,'Hamouda',NULL,NULL,NULL,NULL,'BABA',NULL,NULL,135,1),(2,NULL,NULL,'Chawki',NULL,NULL,NULL,NULL,'LOUSSAIEF',NULL,NULL,135,2),(3,NULL,NULL,'Issam',NULL,NULL,NULL,NULL,'MAALEL',NULL,NULL,135,3),(4,NULL,NULL,'Youssef',NULL,NULL,NULL,NULL,'BELHAJ',NULL,NULL,135,4),(5,NULL,NULL,'Youssef',NULL,NULL,NULL,NULL,'BEDOUI',NULL,NULL,135,5),(6,NULL,NULL,'Directeur',NULL,NULL,NULL,NULL,'',NULL,NULL,135,6),(7,NULL,NULL,'Semir',NULL,NULL,NULL,NULL,'NOUIRA',NULL,NULL,135,7),(8,NULL,NULL,'Regulateur',NULL,NULL,NULL,NULL,'',NULL,NULL,135,8),(9,NULL,NULL,'Surveillant',NULL,NULL,NULL,NULL,'Circuit Covid',NULL,NULL,135,9),(10,NULL,NULL,'Med de Garde',NULL,NULL,NULL,NULL,'Circuit Covid',NULL,NULL,135,10),(11,NULL,NULL,'Chef de Service',NULL,NULL,NULL,NULL,'Maladies Infec.',NULL,NULL,135,11),(12,NULL,NULL,'Surveillant',NULL,NULL,NULL,NULL,'Maladies Infec.',NULL,NULL,135,12),(13,NULL,NULL,'Med de Garde',NULL,NULL,NULL,NULL,'Maladies Infec.',NULL,NULL,135,13),(14,NULL,NULL,'Chef de Service',NULL,NULL,NULL,NULL,'Pneumo ( Covid )',NULL,NULL,135,14),(15,NULL,NULL,'Surveillant',NULL,NULL,NULL,NULL,'Pneumo ( Covid )',NULL,NULL,135,15),(16,NULL,NULL,'Med de Garde',NULL,NULL,NULL,NULL,'Pneumo ( Covid )',NULL,NULL,135,16),(17,NULL,NULL,'Chef de Service',NULL,NULL,NULL,NULL,'Nephro ( Covid )',NULL,NULL,135,17),(18,NULL,NULL,'Surveillant',NULL,NULL,NULL,NULL,'Nephro ( Covid )',NULL,NULL,135,18),(19,NULL,NULL,'Med de Garde',NULL,NULL,NULL,NULL,'Nephro ( Covid )',NULL,NULL,135,19),(20,NULL,NULL,'Chef de Service',NULL,NULL,NULL,NULL,'Ra-Poly',NULL,NULL,135,20),(21,NULL,NULL,'Surveillant',NULL,NULL,NULL,NULL,'Ra-Poly',NULL,NULL,135,21),(22,NULL,NULL,'Med de Garde',NULL,NULL,NULL,NULL,'Ra-Poly',NULL,NULL,135,22),(23,NULL,NULL,'Chef de Service',NULL,NULL,NULL,NULL,'Post-Op',NULL,NULL,135,23),(24,NULL,NULL,'Surveillant',NULL,NULL,NULL,NULL,'Post-Op',NULL,NULL,135,24),(25,NULL,NULL,'Med de Garde',NULL,NULL,NULL,NULL,'Post-Op',NULL,NULL,135,25),(26,NULL,NULL,'Chef de Service',NULL,NULL,NULL,NULL,'USIC (B)',NULL,NULL,135,26),(27,NULL,NULL,'Surveillant',NULL,NULL,NULL,NULL,'USIC (B)',NULL,NULL,135,27),(28,NULL,NULL,'Med de Garde',NULL,NULL,NULL,NULL,'USIC (B)',NULL,NULL,135,28),(29,NULL,NULL,'Chef de Service',NULL,NULL,NULL,NULL,'Anest-Ra (A)',NULL,NULL,135,29),(30,NULL,NULL,'Surveillant',NULL,NULL,NULL,NULL,'Anest-Ra (A)',NULL,NULL,135,30),(31,NULL,NULL,'Med de Garde',NULL,NULL,NULL,NULL,'Anest-Ra (A)',NULL,NULL,135,31),(32,NULL,NULL,'Chef de Service',NULL,NULL,NULL,NULL,'Gastro (Covid)',NULL,NULL,135,32),(33,NULL,NULL,'Surveillant',NULL,NULL,NULL,NULL,'Gastro (Covid)',NULL,NULL,135,33),(34,NULL,NULL,'Med de Garde',NULL,NULL,NULL,NULL,'Gastro (Covid)',NULL,NULL,135,34),(35,NULL,NULL,'Chef de Service',NULL,NULL,NULL,NULL,'Chirurgie Gnrale (Covid)',NULL,NULL,135,35),(36,NULL,NULL,'Surveillant de Service',NULL,NULL,NULL,NULL,'Chirurgie Gnrale (Covid)',NULL,NULL,135,36),(37,NULL,NULL,'Med de Garde',NULL,NULL,NULL,NULL,'Chirurgie Gnrale (Covid)',NULL,NULL,135,37),(38,NULL,NULL,'Directeur',NULL,NULL,NULL,NULL,'HR Ksar Hellal',NULL,NULL,132,38),(39,NULL,NULL,'Chef de Circons',NULL,NULL,NULL,NULL,'Ksar Hellal',NULL,NULL,132,39),(40,NULL,NULL,'Med Resp Covid',NULL,NULL,NULL,NULL,'Ksar Hellal',NULL,NULL,132,40),(41,NULL,NULL,'Surveillant Gnrale',NULL,NULL,NULL,NULL,'HR Ksar Hellal',NULL,NULL,132,41),(42,NULL,NULL,'Med de Garde',NULL,NULL,NULL,NULL,'Circuit Covid',NULL,NULL,132,42),(43,NULL,NULL,'Surveillant de Service',NULL,NULL,NULL,NULL,'HR Ksar Hellal',NULL,NULL,132,43),(44,NULL,NULL,'Med de Garde',NULL,NULL,NULL,NULL,'Covid +',NULL,NULL,132,44),(45,NULL,NULL,'Surveillant de Service',NULL,NULL,NULL,NULL,'HR Ksar Hellal',NULL,NULL,132,45),(46,NULL,NULL,'Directeur',NULL,NULL,NULL,NULL,'HR Moknine',NULL,NULL,134,46),(47,NULL,NULL,'Chef de Circons',NULL,NULL,NULL,NULL,'HR Moknine',NULL,NULL,134,47),(48,NULL,NULL,'Med Resp Covid',NULL,NULL,NULL,NULL,'HR Moknine',NULL,NULL,134,48),(49,NULL,NULL,'Surveillant Gnrale',NULL,NULL,NULL,NULL,'HR Moknine',NULL,NULL,134,49),(50,NULL,NULL,'Med de Garde',NULL,NULL,NULL,NULL,'Circuit Covid',NULL,NULL,134,50),(51,NULL,NULL,'Surveillant de Service',NULL,NULL,NULL,NULL,'HR Moknine',NULL,NULL,134,51),(52,NULL,NULL,'Med de Garde',NULL,NULL,NULL,NULL,'Covid +',NULL,NULL,134,52),(53,NULL,NULL,'Surveillant de Service',NULL,NULL,NULL,NULL,'HR Moknine',NULL,NULL,134,53),(54,NULL,NULL,'Directeur',NULL,NULL,NULL,NULL,'HC Jemmal',NULL,NULL,131,54),(55,NULL,NULL,'Chef de Circons',NULL,NULL,NULL,NULL,'HC Jemmal',NULL,NULL,131,55),(56,NULL,NULL,'Med Resp Covid',NULL,NULL,NULL,NULL,'HC Jemmal',NULL,NULL,131,56),(57,NULL,NULL,'Surveillant Gnrale',NULL,NULL,NULL,NULL,'HC Jemmal',NULL,NULL,131,57),(58,NULL,NULL,'Med de Garde',NULL,NULL,NULL,NULL,'Circuit Covid',NULL,NULL,131,58),(59,NULL,NULL,'Surveillant de Service',NULL,NULL,NULL,NULL,'HC Jemmal',NULL,NULL,131,59),(60,NULL,NULL,'Med de Garde',NULL,NULL,NULL,NULL,'Covid +',NULL,NULL,131,60),(61,NULL,NULL,'Surveillant de Service',NULL,NULL,NULL,NULL,'HC Jemmal',NULL,NULL,131,61),(62,NULL,NULL,'Directeur',NULL,NULL,NULL,NULL,'HC Tboulba',NULL,NULL,139,62),(63,NULL,NULL,'Chef de Circons',NULL,NULL,NULL,NULL,'HC Tboulba',NULL,NULL,139,63),(64,NULL,NULL,'Med Resp Covid',NULL,NULL,NULL,NULL,'HC Tboulba',NULL,NULL,139,64),(65,NULL,NULL,'Surveillant Gnrale',NULL,NULL,NULL,NULL,'HC Tboulba',NULL,NULL,139,65),(66,NULL,NULL,'Med de Garde',NULL,NULL,NULL,NULL,'Circuit Covid',NULL,NULL,139,66),(67,NULL,NULL,'Surveillant de Service',NULL,NULL,NULL,NULL,'HC Teboulba',NULL,NULL,139,67),(68,NULL,NULL,'Med de Garde',NULL,NULL,NULL,NULL,'Covid +',NULL,NULL,139,68),(69,NULL,NULL,'Surveillant de Service',NULL,NULL,NULL,NULL,'HC Teboulba',NULL,NULL,139,69),(70,NULL,NULL,'Surveillant',NULL,NULL,NULL,NULL,'Gnral',NULL,'M',135,70),(77,NULL,NULL,'ferjani',NULL,NULL,NULL,'ferjani@email.com','sassi',NULL,'M',134,77);
/*!40000 ALTER TABLE `contact` ENABLE KEYS */;
UNLOCK TABLES;

--
-- Table structure for table `country`
--

DROP TABLE IF EXISTS `country`;
/*!40101 SET @saved_cs_client     = @@character_set_client */;
/*!40101 SET character_set_client = utf8 */;
CREATE TABLE `country` (
  `countryid` bigint(20) NOT NULL AUTO_INCREMENT,
  `nom_eng` varchar(255) DEFAULT NULL,
  `nom_fr` varchar(255) DEFAULT NULL,
  `capital` varchar(255) DEFAULT NULL,
  `cca2` varchar(255) DEFAULT NULL,
  `cca3` varchar(255) DEFAULT NULL,
  `lattitude` float DEFAULT NULL,
  `longitude` float DEFAULT NULL,
  `phone_code` int(11) DEFAULT NULL,
  `subregion` varchar(255) DEFAULT NULL,
  PRIMARY KEY (`countryid`)
) ENGINE=MyISAM AUTO_INCREMENT=250 DEFAULT CHARSET=latin1;
/*!40101 SET character_set_client = @saved_cs_client */;

--
-- Dumping data for table `country`
--

LOCK TABLES `country` WRITE;
/*!40000 ALTER TABLE `country` DISABLE KEYS */;
INSERT INTO `country` VALUES (1,'Belarus','Bilorussie','Minsk','BY','BLR',53.9,27.5667,375,'Eastern Europe'),(2,'Belize','Belize','Belmopan','BZ','BLZ',17.25,-88.7667,501,'Central America'),(3,'Bermuda','Bermudes','Hamilton','BM','BMU',32.2833,-64.7833,1,'North America'),(4,'Bolivia','Bolivie','Sucre','BO','BOL',-16.5,-68.15,591,'South America'),(5,'Caribbean Netherlands','Pays-Bas carabes','','BQ','BES',12.18,-68.25,599,'Caribbean'),(6,'Brazil','Brsil','Brsil','BR','BRA',-15.7833,-47.9167,55,'South America'),(7,'Barbados','Barbade','Bridgetown','BB','BRB',13.1,-59.6167,1246,'Caribbean'),(8,'Brunei','Brunei','Bandar Seri Begawan','BN','BRN',4.88333,114.933,673,'South-Eastern Asia'),(9,'Bhutan','Bhoutan','Thimphu','BT','BTN',27.4667,89.6333,975,'Southern Asia'),(10,'Bouvet Island','le Bouvet','','BV','BVT',-54.4333,3.4,47,''),(11,'Botswana','Botswana','Gaborone','BW','BWA',-24.6333,25.9,267,'Southern Africa'),(12,'Central African Republic','Rpublique centrafricaine','Bangui','CF','CAF',4.36667,18.5833,236,'Middle Africa'),(13,'Canada','Canada','Ottawa','CA','CAN',45.4167,-75.7,1,'North America'),(14,'Cocos (Keeling) Islands','les Cocos','West Island','CC','CCK',-12.1667,96.8333,61,'Australia and New Zealand'),(15,'Switzerland','Suisse','Bern','CH','CHE',46.9167,7.46667,41,'Western Europe'),(16,'Chile','Chili','Santiago','CL','CHL',-33.45,-70.6667,56,''),(17,'China','Chine','Beijing','CN','CHN',39.9167,116.383,86,'Eastern Asia'),(18,'Ivory Coast','Cte d\'Ivoire','Yamoussoukro','CI','CIV',6.81667,-5.26667,225,'Western Africa'),(19,'Cameroon','Cameroun','Yaound','CM','CMR',3.86667,11.5167,237,'Middle Africa'),(20,'DR Congo','RD Congo','Kinshasa','CD','COD',-4.31667,15.3,243,'Middle Africa'),(21,'Republic of the Congo','Congo','Brazzaville','CG','COG',-4.25,15.2833,242,'Middle Africa'),(22,'Cook Islands','les Cook','Avarua','CK','COK',-21.2,-159.767,682,'Polynesia'),(23,'Colombia','Colombie','Bogot','CO','COL',4.6,-74.0833,57,'South America'),(24,'Comoros','Comores','Moroni','KM','COM',-11.7,43.2333,269,'Eastern Africa'),(25,'Cape Verde','Cap-Vert','Praia','CV','CPV',14.9167,-23.5167,238,'Western Africa'),(26,'Costa Rica','Costa Rica',' San Jos','CR','CRI',9.93333,-84.0833,506,'Central America'),(27,'Cuba','Cuba','Havana','CU','CUB',23.1167,-82.35,53,'Caribbean'),(28,'Curaao','Curaao','Willemstad','CW','CUW',12.1,-68.9167,599,'Caribbean'),(29,'Christmas Island','le Christmas','Flying Fish Cove','CX','CXR',-10.4167,105.717,61,'Australia and New Zealand'),(30,'Cayman Islands','le Camans','George Town','KY','CYM',19.3,-81.3833,44,'Caribbean'),(31,'Cyprus','Chypre','Nicosia','CY','CYP',35.1833,33.3667,357,'Eastern Europe'),(32,'Czechia','Tchquie','Prague','CZ','CZE',50.0833,14.4667,420,'Eastern Europe'),(33,'Germany','Allemagne','Berlin','DE','DEU',52.5167,13.4,49,'Western Europe'),(34,'Djibouti','Djibouti','Djibouti','DJ','DJI',11.5833,43.15,253,'Eastern Africa'),(35,'Dominica','Dominique','Roseau','DM','DMA',15.3,-61.4,1767,'Caribbean'),(36,'Denmark','Danemark','Copenhagen','DK','DNK',55.6667,12.5833,45,'Northern Europe'),(37,'Dominican Republic','Rpublique Dominicaine','Santo Domingo','DO','DOM',18.4667,-69.9,1,'Caribbean'),(38,'Algeria','Algrie','Algiers','DZ','DZA',36.75,3.05,213,'Northern Africa'),(39,'Ecuador','Equator.','Quito','EC','ECU',-0.216667,-78.5,593,'South America'),(40,'Egypt','Egypte','Cairo','EG','EGY',30.05,31.25,20,'Northern Africa'),(41,'Eritrea','rythre','Asmara','ER','ERI',15.3333,38.9333,291,'Eastern Africa'),(42,'Western Sahara','Sahara Occidental','Laayoune','EH','ESH',24.5,-13,212,'Northern Africa'),(43,'Spain','Espagne','Madrid','ES','ESP',40,-4,34,'Southern Europe'),(44,'Estonia','Estonie','Tallinn','EE','EST',59.4333,24.7167,372,'Northern Europe'),(45,'Ethiopia','Ehiopie','Addis Ababa','ET','ETH',9.03333,38.7,251,'Eastern Africa'),(46,'Finland','Finlande','Helsinki','FI','FIN',60.1667,24.9333,358,'Northern Europe'),(47,'Fiji','Fidji','Suva','FJ','FJI',-18.1333,178.417,679,'Melanesia'),(48,'Falkland Islands','le  Malouines','Stanley','FK','FLK',-51.7,-57.85,500,'South America'),(49,'France','France','Paris','FR','FRA',48.8667,2.33333,33,'Western Europe'),(50,'Faroe Islands','les Fro','Trshavn','FO','FRO',62,-6.76667,298,'Northern Europe'),(51,'Micronesia','Micronsie','Palikir','FM','FSM',6.91667,158.15,691,'Micronesia'),(52,'Gabon','Gabon','Libreville','GA','GAB',0.383333,9.45,241,'Middle Africa'),(53,'United Kingdom','Royaume-Uni','London','GB','GBR',51.5,-0.083333,44,'Northern Europe'),(54,'Georgia','Gorgie','Tbilisi','GE','GEO',41.6833,44.8333,995,'Western Asia'),(55,'Guernsey','Guernesey','St. Peter Port','GG','GGY',49.45,-2.53333,44,'Northern Europe'),(56,'Ghana','Ghana','Accra','GH','GHA',5.55,-0.216667,233,'Western Africa'),(57,'Gibraltar','Gibraltar','Gibraltar','GI','GIB',36.1333,-5.35,350,'Southern Europe'),(58,'Guinea','Guine','Conakry','GN','GIN',9.5,-13.7,224,'Western Africa'),(59,'Guadeloupe','Guadeloupe','Basse-Terre','GP','GLP',16.25,-61.5833,590,'Caribbean'),(60,'Gambia','Gambie','Banjul','GM','GMB',13.45,-16.5667,220,'Western Africa'),(61,'Guinea-Bissau','Guine-Bissau','Bissau','GW','GNB',11.85,15.5833,245,'Western Africa'),(62,'Equatorial Guinea','Guine quatoriale','Malabo','GQ','GNQ',3.75,8.78333,291,'Middle Africa'),(63,'Greece','Grce','Athens','GR','GRC',37.9833,23.7333,30,'Southern Europe'),(64,'Grenada','Grenade','St. George\'s','GD','GRD',12.05,-61.75,1473,'Caribbean'),(65,'Greenland','Groenland','Nuuk','GL','GRL',64.1833,-51.75,299,'North America'),(66,'Guatemala','Guatemala','Guatemala City','GT','GTM',14.6167,-90.5167,502,'Central America'),(67,'French Guiana','Guyane','Cayenne','GF','GUF',4,-53,594,'South America'),(68,'Guam','Guam','Hagta','GU','GUM',13.4667,144.733,1,'Micronesia'),(69,'Guyana','Guyana','Georgetown','GY','GUY',6.8,-58.15,592,'South America'),(70,'Hong Kong','Hong Kong','City of Victoria','HK','HKG',22.267,114.188,852,'Eastern Asia'),(71,'Heard Island and McDonald Islands','le  Heard-et-MacDonald','','HM','HMD',-53.1,72.5167,672,''),(72,'Honduras','Honduras','Tegucigalpa','HN','HND',14.1,-87.2167,504,'Central America'),(73,'Croatia','Croatie','Zagreb','HR','HRV',45.8,16,385,'Southern Europe'),(74,'Haiti','Hati','Port-au-Prince','HT','HTI',18.5333,-72.3333,509,'Caribbean'),(75,'Hungary','Hongrie','Budapest','HU','HUN',47.5,19.0833,36,'Eastern Europe'),(76,'Indonesia','Indonsie','Jakarta','ID','IDN',-6.16667,106.817,62,'South-Eastern Asia'),(77,'Isle of Man','le de Man ','Douglas','IM','IMN',54.15,-4.48333,44,'Northern Europe'),(78,'India','Inde','New Delhi','IN','IND',28.6,77.2,91,'Southern Asia'),(79,'British Indian Ocean Territory','Territoire britannique de l\'ocan Indien','Diego Garcia','IO','IOT',-6,71.5,246,'Eastern Africa'),(80,'Ireland','Irlande','Dublin','IE','IRL',53.3167,-6.23333,353,'Northern Europe'),(81,'Iran','Iran','Tehran','IR','IRN',35.7,51.4167,98,'Southern Asia'),(82,'Iraq','Irak','Baghdad','IQ','IRQ',33.3333,44.4,964,'Western Asia'),(83,'Iceland','Islande','Reykjavik','IS','ISL',64.15,-21.95,354,'Northern Europe'),(84,'Israel','Isral','Jerusalem','IL','ISR',31.7667,35.2333,972,'Western Asia'),(85,'Italy','Italie','Rome','IT','ITA',41.9,12.4833,39,'Southern Europe'),(86,'Jamaica','Jamaque','Kingston','JM','JAM',18,-76.8,1,'Caribbean'),(87,'Jersey','Jersey','Saint Helier','JE','JEY',49.1833,-2.1,44,'Northern Europe'),(88,'Jordan','Jordanie','Amman','JO','JOR',31.95,35.9333,962,'Western Asia'),(89,'Japan','Japon','Tokyo','JP','JPN',35.6833,139.75,81,'Eastern Asia'),(90,'Kazakhstan','Kazakhstan','Astana','KZ','KAZ',51.1667,71.4167,7,'Central Asia'),(91,'Kenya','Kenya','Nairobi','KE','KEN',-1.28333,36.8167,254,'Eastern Africa'),(92,'Kyrgyzstan','Kirghizistan','Bishkek','KG','KGZ',42.8667,74.6,996,'Central Asia'),(93,'Cambodia','Cambodge','Phnom Penh','KH','KHM',11.55,104.917,855,'South-Eastern Asia'),(94,'Kiribati','Kiribati','South Tarawa','KI','KIR',-0.883333,169.533,686,'Micronesia'),(95,'Saint Kitts and Nevis','Saint-Christophe-et-Nivs','Basseterre','KN','KNA',17.3,-62.7167,1869,'Caribbean'),(96,'South Korea','Core du Sud','Seoul','KR','KOR',37.55,126.983,82,'Eastern Asia'),(97,'Kosovo','Kosovo','Pristina','XK','UNK',42.6667,21.1667,383,'Eastern Europe'),(98,'Kuwait','Koweit','Kuwait City','KW','KWT',29.3667,47.9667,965,'Western Asia'),(99,'Laos','Laos','Vientiane','LA','LAO',17.9667,102.6,856,'South-Eastern Asia'),(100,'Lebanon','Liban','Beirut','LB','LBN',33.8667,35.5,961,'Western Asia'),(101,'Liberia','Liberia','Monrovia','LR','LBR',6.3,-10.8,231,'Western Africa'),(102,'Libya','Libye','Tripoli','LY','LBY',32.8833,13.1667,218,'Northern Africa'),(103,'Saint Lucia','Sainte-Lucie','Castries','LC','LCA',14,-61,1758,'Caribbean'),(104,'Liechtenstein','Liechtenstein','Vaduz','LI','LIE',47.1333,9.51667,423,'Western Europe'),(105,'Sri Lanka','Sri Lanka','Colombo','LK','LKA',7,81,94,'Southern Asia'),(106,'Lesotho','Lesotho','Maseru','LS','LSO',-29.3167,27.4833,266,'Southern Africa'),(107,'Lithuania','Lituanie','Vilnius','LT','LTU',54.6833,25.3167,370,'Northern Europe'),(108,'Luxembourg','Luxembourg','Luxembourg','LU','LUX',49.6,6.11667,352,'Western Europe'),(109,'Latvia','Lettonie','Riga','LV','LVA',56.95,24.1,371,'Northern Europe'),(110,'Macau','Macao','','MO','MAC',22.1667,113.55,853,'Eastern Asia'),(111,'Saint Martin','Saint-Martin','Marigot','MF','MAF',18.0731,-63.0822,590,'Caribbean'),(112,'Morocco','Maroc','Rabat','MA','MAR',34.0167,-6.81667,212,'Northern Africa'),(113,'Monaco','Monaco','Monaco','MC','MCO',43.7333,7.41667,377,'Western Europe'),(115,'Madagascar','Madagascar','Antananarivo','MG','MDG',-18.9167,47.5167,261,'Eastern Africa'),(116,'Maldives','Maldives','Mal','MV','MDV',4.16667,73.5,960,'Southern Asia'),(117,'Mexico','Mexique','Mexico City','MX','MEX',19.4333,-99.1333,52,'North America'),(118,'Marshall Islands',' les Marshall','Majuro','MH','MHL',7.1,171.383,692,'Micronesia'),(119,'North Macedonia','Macdoine du Nord','Skopje','MK','MKD',42,21.4333,389,'Southern Europe'),(120,'Mali','Mali','Bamako','ML','MLI',12.65,-8,223,'Western Africa'),(121,'Malta','Malte','Valletta','MT','MLT',35.8833,14.5,356,'Southern Europe'),(122,'Myanmar','Birmanie','Naypyidaw','MM','MMR',16.8,96.15,95,'South-Eastern Asia'),(123,'Montenegro','Montngro','Podgorica','ME','MNE',42.4333,19.2667,382,'Southern Europe'),(124,'Mongolia','Mongolie','Ulan Bator','MN','MNG',47.9167,106.917,976,'Eastern Asia'),(125,'Northern Mariana Islands',' les Mariannes du Nord','Saipan','MP','MNP',15.2,145.75,1670,'Micronesia'),(126,'Mozambique','Mozambique','Maputo','MZ','MOZ',-25.95,32.5833,258,'Eastern Africa'),(127,'Mauritania','Mauritanie','Nouakchott','MR','MRT',18.0667,-15.9667,222,'Western Africa'),(128,'Montserrat','Montserrat','Plymouth','MS','MSR',16.7,-62.2167,1664,'Caribbean'),(129,'Martinique','Martinique','Fort-de-France','MQ','MTQ',14.6667,-61,596,'Caribbean'),(130,'Mauritius',' les  Maurice','Port Louis','MU','MUS',-20.15,57.4833,230,'Eastern Africa'),(131,'Malawi','Malawi','Lilongwe','MW','MWI',-13.9667,33.7833,265,'Eastern Africa'),(132,'Malaysia','Malaisie','Kuala Lumpur','MY','MYS',3.16667,101.7,60,'South-Eastern Asia'),(133,'Mayotte','Mayotte','Mamoudzou','YT','MYT',-12.8333,45.1667,262,'Eastern Africa'),(134,'Namibia','Namibie','Windhoek','NA','NAM',-22.5667,17.0833,264,'Southern Africa'),(135,'New Caledonia','Nouvelle-Caldonie','Nouma','NC','NCL',-22.2667,166.45,687,'Melanesia'),(136,'Niger','Niger','Niamey','NE','NER',13.5167,2.11667,227,'Western Africa'),(137,'Norfolk Island','les  Norfolk','Kingston','NF','NFK',-29.05,167.967,672,'Australia and New Zealand'),(138,'Nigeria','Nigeria','Abuja','NG','NGA',9.08333,7.53333,234,'Western Africa'),(139,'Nicaragua','Nicaragua','Managua','NI','NIC',12.1333,-86.25,505,'Central America'),(140,'Niue','Niue','Alofi','NU','NIU',-19.0167,-169.917,683,'Polynesia'),(141,'Netherlands','Pays-Bas','Amsterdam','NL','NLD',52.35,4.91667,31,'Western Europe'),(142,'Norway','Norvge','Oslo','NO','NOR',59.9167,10.75,47,'Northern Europe'),(143,'Nepal','Npal','Kathmandu','NP','NPL',27.7167,85.3167,977,'Southern Asia'),(144,'Nauru','Nauru','Yaren','NR','NRU',-0.5477,166.921,674,'Micronesia'),(145,'New Zealand','Nouvelle-Zlande','Wellington','NZ','NZL',-41.3,174.783,64,'Australia and New Zealand'),(146,'Oman','Oman','Muscat','OM','OMN',23.6167,58.5833,968,'Western Asia'),(147,'Pakistan','Pakistan','Islamabad','PK','PAK',33.6833,73.05,92,'Southern Asia'),(148,'Panama','Panama','Panama City','PA','PAN',8.96667,-79.5333,507,'Central America'),(149,'Pitcairn Islands','les   Pitcairn','Adamstown','PN','PCN',-25.0667,-130.083,64,'Polynesia'),(150,'Peru','Prou','Lima','PE','PER',-12.05,-77.05,51,'South America'),(151,'Philippines','Philippines','Manila','PH','PHL',14.6,120.967,63,'South-Eastern Asia'),(152,'Palau','Palaos (Palau)','Ngerulmud','PW','PLW',7.48333,134.633,680,'Micronesia'),(153,'Papua New Guinea','Papouasie-Nouvelle-Guine','Port Moresby','PG','PNG',-9.45,147.183,675,'Melanesia'),(154,'Poland','Pologne','Warsaw','PL','POL',52.25,21,48,'Eastern Europe'),(155,'Puerto Rico','Porto Rico','San Juan','PR','PRI',18.4667,-66.1167,1,'Caribbean'),(156,'North Korea','Core du Nord','Pyongyang','KP','PRK',39.0167,125.75,850,'Eastern Asia'),(157,'Portugal','Portugal','Lisbon','PT','PRT',38.7167,-9.13333,351,''),(158,'Paraguay','Paraguay','Asuncin','PY','PRY',-25.2667,-57.6667,595,'South America'),(159,'Palestine','Palestine','Ramallah','PS','PSE',31.7667,35.2333,970,''),(161,'Qatar','Qatar','Doha','QA','QAT',25.2833,51.5333,974,'Western Asia'),(162,'Runion','Runion','Saint-Denis','RE','REU',-21.15,55.5,262,'Eastern Africa'),(163,'Romania','Roumanie','Bucharest','RO','ROU',44.4333,26.1,40,'Eastern Europe'),(164,'Russia','Russie','Moscou','RU','RUS',55.75,37.6,7,'Eastern Europe'),(165,'Rwanda','Rwanda','Kigali','RW','RWA',-1.95,30.05,250,'Eastern Africa'),(166,'Saudi Arabia','Arabie Saoudite','Riyadh','SA','SAU',24.65,46.7,966,'Western Asia'),(167,'Sudan','Soudan','Khartoum','SD','SDN',15.6,32.5333,249,'Northern Africa'),(168,'Senegal','Sngal','Dakar','SN','SEN',14.7333,-17.6333,221,'Western Africa'),(169,'Singapore','Singapour','Singapore','SG','SGP',1.28333,103.85,65,'South-Eastern Asia'),(170,'South Georgia','Gorgie du Sud','King Edward Point','GS','SGS',-54.2833,-36.5,500,''),(171,'Svalbard and Jan Mayen','Svalbard et Jan Mayen','Longyearbyen','SJ','SJM',78.2167,15.6333,47,'Northern Europe'),(172,'Solomon Islands','les Salomon','Honiara','SB','SLB',-9.43333,159.95,677,'Melanesia'),(173,'Sierra Leone','Sierra Leone','Freetown','SL','SLE',8.48333,-13.2333,232,'Western Africa'),(174,'El Salvador','Salvador','San Salvador','SV','SLV',13.7,-89.2,503,'Central America'),(175,'San Marino','Saint-Marin','City of San Marino','SM','SMR',43.9333,12.4167,378,'Southern Europe'),(176,'Somalia','Somalie','Mogadishu','SO','SOM',2.06667,45.3333,252,'Eastern Africa'),(177,'Saint Pierre and Miquelon','Saint-Pierre-et-Miquelon','Saint-Pierre','PM','SPM',46.7667,-56.1833,508,'North America'),(178,'Serbia','Serbie','Belgrade','RS','SRB',44.8333,20.5,381,'Southern Europe'),(179,'South Sudan','Soudan du Sud','Juba','SS','SSD',7,30,211,'Middle Africa'),(180,'So Tom and Prncipe','Sao Tom et Principe','So Tom','ST','STP',1,7,239,'Middle Africa'),(181,'Suriname','Surinam','Paramaribo','SR','SUR',5.83333,-55.1667,597,'South America'),(182,'Slovakia','Slovaquie','Bratislava','SK','SVK',48.15,17.1167,421,'Central Europe'),(183,'Slovenia','Slovnie','Ljubljana','SI','SVN',46.05,14.5167,386,'Southern Europe'),(184,'Sweden','Sude','Stockholm','SE','SWE',59.3333,18.05,46,'Northern Europe'),(185,'Eswatini','Swaziland','Lobamba','SZ','SWZ',-26.3167,31.1333,268,'Southern Africa'),(186,'Sint Maarten','Saint-Martin','Philipsburg','SX','SXM',18.0167,-63.0333,590,'Caribbean'),(187,'Seychelles','Seychelles','Victoria','SC','SYC',-4.61667,55.45,248,'Eastern Africa'),(188,'Syria','Syrie','Damascus','SY','SYR',35.5,36.3,963,'Western Asia'),(189,'Turks and Caicos Islands','les Turques-et-Caques','Cockburn Town','TC','TCA',21.4667,-71.1333,1649,'Caribbean'),(190,'Chad','Tchad','N\'Djamena','TD','TCD',12.1,15.0333,235,'Middle Africa'),(191,'Togo','Togo','Lom','TG','TGO',6.11667,1.21667,690,'Western Africa'),(192,'Thailand','Thalande','Bangkok','TH','THA',13.75,100.517,66,'South-Eastern Asia'),(193,'Tajikistan','Tadjikistan','Dushanbe','TJ','TJK',38.55,68.7667,992,'Central Asia'),(194,'Tokelau','Tokelau','Fakaofo','TK','TKL',-9.16667,-171.833,690,'Polynesia'),(195,'Turkmenistan','Turkmnistan','Ashgabat','TM','TKM',37.95,58.3833,993,'Central Asia'),(196,'Timor-Leste','Timor-Leste','Dili','TL','TLS',-8.58333,125.6,670,'South-Eastern Asia'),(197,'Tonga','Tonga','Nuku\'alofa','TO','TON',-21.1333,-175.2,676,'Polynesia'),(198,'Trinidad and Tobago','Trinit-et-Tobago','Port of Spain','TT','TTO',10.65,-61.5167,868,'Caribbean'),(199,'Tunisia','Tunisie','Tunis','TN','TUN',36.8,10.1833,216,'Northern Africa'),(200,'Turkey','Turquie','Ankara','TR','TUR',39.9333,32.8667,90,'Western Asia'),(201,'Tuvalu','Tuvalu','Funafuti','TV','TUV',-8.51667,179.217,688,'Polynesia'),(202,'Taiwan','Tawan','Taipei','TW','TWN',25.0333,121.517,886,'Eastern Asia'),(203,'Tanzania','Tanzanie','Dodoma','TZ','TZA',-6.8,39.2833,255,'Eastern Africa'),(204,'Uganda','Ouganda','Kampala','UG','UGA',0.316667,32.55,256,'Eastern Africa'),(205,'Ukraine','Ukraine','Kyiv','UA','UKR',50.4333,30.5167,380,'Eastern Europe'),(206,'United States Minor Outlying Islands','les mineures loignes des tats-Unis','','UM','UMI',19.3,166.633,1,'North America'),(207,'Uruguay','Uruguay','Montevideo','UY','URY',-34.85,-56.1667,598,'South America'),(208,'United States','tats Unis','Washington D.C.','US','USA',38.8833,-77,1,'North America'),(209,'Uzbekistan','Ouzbkistan','Tashkent','UZ','UZB',41.3167,69.25,998,'Central Asia'),(210,'Vatican City','Cit du Vatican','Vatican City','VA','VAT',41.9,12.45,39,'Southern Europe'),(211,'Saint Vincent and the Grenadines','Saint-Vincent-et-les-Grenadines','Kingstown','VC','VCT',13.1333,-61.2167,1784,'Caribbean'),(212,'Venezuela','Venezuela','Caracas','VE','VEN',10.4833,-66.8667,58,'South America'),(213,'British Virgin Islands','les Vierges britanniques','Road Town','VG','VGB',18.4167,-64.6167,1284,'Caribbean'),(214,'United States Virgin Islands','les Vierges des tats-Unis','Charlotte Amalie','VI','VIR',18.35,-64.9333,1340,'Caribbean'),(215,'Vietnam','Vietnam','Hanoi','VN','VNM',21.0333,105.85,84,'South-Eastern Asia'),(216,'Vanuatu','Vanuatu','Port Vila','VU','VUT',-17.7333,168.317,678,'Melanesia'),(217,'Wallis and Futuna','Wallis-et-Futuna','Mata-Utu','WF','WLF',-13.95,-171.933,681,'Polynesia'),(218,'Samoa','Samoa','Apia','WS','WSM',-13.8167,-171.767,685,'Polynesia'),(219,'Yemen','Ymen','Sana\'a','YE','YEM',15.35,44.2,967,'Western Asia'),(220,'South Africa','Afrique du Sud','Pretoria','ZA','ZAF',-25.7,28.2167,27,'Southern Africa'),(221,'Zambia','Zambie','Lusaka','ZM','ZMB',-15.4167,28.2833,260,'Eastern Africa'),(222,'Zimbabwe','Zimbabwe','Harare','ZW','ZWE',-17.8167,31.0333,263,'Eastern Africa'),(223,'Aruba','Aruba','Oranjestad','AW','ABW',12.5,69.9667,297,'Caribbean'),(224,'Afghanistan','Rpublique islamique d\'Afghanistan','Kabul','AF','AFG',34.5167,69.1833,93,'Southern Asia'),(225,'Angola','Rpublique d\'Angola','Luanda','AO','AGO',-12.5,18.5,244,'Middle Africa'),(226,'Anguilla','Anguilla','The Valley','AI','AIA',18.2167,-63.05,1264,'Caribbean'),(227,'land Islands','Ahvenanmaa','Mariehamn','AX','ALA',60.1167,19.9,358,'Northern Europe'),(228,'Albania','Rpubliqued\'Albanie','Tirana','AL','ALB',41,20,355,'Southern Europe'),(229,'Andorra','Principaut d\'Andorre','Andorra la Vella','AD','AND',42.5,1.51667,376,'Southern Europe'),(230,'United Arab Emirates','Emirats Arabes Unis','Abu Dhabi','AE','ARE',24.4667,54.3667,971,'Western Asia'),(231,'Argentina','Argentine','Buenos Aires','AR','ARG',-34.5833,-58.6667,54,'south America'),(232,'Armenia','Armnie','Yerevan','AM','ARM',40.1667,44.5,374,'Western Asia'),(233,'American Samoa','Samoa amricaines','Pago Pago','AS','ASM',-14.2667,-170.7,1684,'Polynesia'),(234,'Antarctica','Antarctica','Antarctica','AQ','ATA',0,0,672,''),(235,'Antigua and Barbuda','Antigua-et-Barbuda','Saint John\'s','AG','ATG',17.05,-61.8,1268,'Caribbean'),(236,'Australia','Australie','Canberra','AU','AUS',-35.2667,149.133,61,'Australia and New Zealand'),(237,'Austria','Autriche','Vienna','AT','AUT',48.2,16.3667,43,'Western Europe'),(238,'Azerbaijan','Azerbadjan','Baku','AZ','AZE',40.3833,49.8667,994,'Western Asia'),(239,'Burundi','Burundi','Bujumbura','BI','BDI',-3.36667,29.35,257,'Eastern Africa'),(240,'Belgium','Belgique','Brussels','BE','BEL',50.8333,4.33333,32,'estern Europe'),(241,'Benin','Rpublique du Bnin','Porto-Novo','BJ','BEN',6.48333,2.61667,229,'Western Africa'),(242,'Burkina Faso','Burkina Faso','Ouagadougou','BF','BFA',12.3667,-1.51667,226,'Western Africa'),(243,'Bangladesh','Bangladesh','Dhaka','BD','BGD',23.7167,90.4,880,'Southern Asia'),(244,'Bulgaria','Bulgarie','Sofia','BG','BGR',42.6833,23.3167,359,'Eastern Europe'),(245,'Bahrain','Bahren','Manama','BH','BHR',26.2333,50.5667,973,'Western Asia'),(246,'Bahamas','Bahamas','Nassau','BS','BHS',25.0833,-77.35,1242,'Caribbean'),(247,'Bosnia and Herzegovina','BBosnie Herzgovine','Sarajevo','BA','BIH',43.8667,18.4167,387,'Southern Europe'),(248,'Saint Bartholomew','Saint Barthlemy','Gustavia','BL','BLM',17.8833,-62.85,590,'Caribbean'),(249,'Saint Helena, Ascension and Tristan da Cunha','Sainte-Hlne, Ascension et Tristan da Cunha','Jamestown','SH','SHN',-15.9333,-5.71667,290,'Western Africa');
/*!40000 ALTER TABLE `country` ENABLE KEYS */;
UNLOCK TABLES;

--
-- Table structure for table `doctors`
--

DROP TABLE IF EXISTS `doctors`;
/*!40101 SET @saved_cs_client     = @@character_set_client */;
/*!40101 SET character_set_client = utf8 */;
CREATE TABLE `doctors` (
  `doctorid` bigint(20) NOT NULL AUTO_INCREMENT,
  `diplome` varchar(255) DEFAULT NULL,
  `fonction` varchar(255) DEFAULT NULL,
  `grade` varchar(255) DEFAULT NULL,
  `institut` varchar(255) DEFAULT NULL,
  `notifid` varchar(255) DEFAULT NULL,
  `specialite` varchar(255) DEFAULT NULL,
  `contact_contactid` bigint(20) DEFAULT NULL,
  `srvid` bigint(20) DEFAULT NULL,
  `job_titleid` bigint(20) DEFAULT NULL,
  PRIMARY KEY (`doctorid`),
  UNIQUE KEY `UK_8b5pru74kc3vf8enq4p0h60pt` (`contact_contactid`),
  KEY `FK2k3esphfwk5ecq3ipbughqfb7` (`srvid`),
  KEY `FK9bhs1qux37gh4rblgso9ypsuo` (`job_titleid`)
) ENGINE=MyISAM AUTO_INCREMENT=30 DEFAULT CHARSET=latin1;
/*!40101 SET character_set_client = @saved_cs_client */;

--
-- Dumping data for table `doctors`
--

LOCK TABLES `doctors` WRITE;
/*!40000 ALTER TABLE `doctors` DISABLE KEYS */;
INSERT INTO `doctors` VALUES (1,NULL,'Mdecin de Garde',NULL,NULL,'bd0e9074-89d4-45ac-8fad-61f406ed6941',NULL,10,3,3),(2,NULL,'Mdecin de Garde',NULL,NULL,'7c602257-5984-43e9-af40-18babbb0de82',NULL,13,1,3),(3,NULL,'Mdecin de Garde',NULL,NULL,'48a12875-4577-42dc-b8da-b29188a4a64d',NULL,16,2,3),(4,NULL,'Mdecin de Garde',NULL,NULL,'c12049c5-09a6-46d5-aec7-bbce1971c3de',NULL,19,4,3),(5,NULL,'Mdecin de Garde',NULL,NULL,'607e09f8-7836-4bdb-95cf-831efeb5e5b5',NULL,22,5,3),(6,NULL,'Mdecin de Garde',NULL,NULL,'74750afb-a394-406c-b4d3-c17ce8218c16',NULL,25,6,3),(7,NULL,'Mdecin de Garde',NULL,NULL,'5b709d26-22b5-4ed4-a654-37b0f5ccda92',NULL,28,7,3),(8,NULL,'Mdecin de Garde',NULL,NULL,'66865c34-ed27-4af9-be0f-c93add4b19c9',NULL,31,8,3),(9,NULL,'Mdecin de Garde',NULL,NULL,'2225ccaf-2880-401d-9910-28de5a296f47',NULL,34,9,3),(10,NULL,'Mdecin de Garde',NULL,NULL,'51e277fb-99d1-4ed8-918d-500e0d2265d2',NULL,37,10,3),(11,NULL,'Med Responsable Covid',NULL,NULL,'6c28ebc4-e8ce-4c24-bc34-53b809e18102',NULL,40,22,3),(12,NULL,'Mdecin de Garde',NULL,NULL,'76f66aaf-4f03-43dc-a21e-89d0deb51c02',NULL,42,11,3),(13,NULL,'Mdecin de Garde',NULL,NULL,'fcfdb9ab-293b-4ab8-b4dd-d54b6419f170',NULL,44,12,3),(14,NULL,'Med Responsable Covid',NULL,NULL,'9ae51f08-689f-4e37-b341-b7dc8a5708a2',NULL,48,23,3),(15,NULL,'Mdecin de Garde',NULL,NULL,'bcd8d4e2-eea4-4c98-930f-392c7d12507c',NULL,50,13,3),(16,NULL,'Mdecin de Garde',NULL,NULL,'62d4f6d4-9c1f-4a5c-9b84-cca69f1e876f',NULL,52,14,3),(17,NULL,'Med Responsable Covid',NULL,NULL,'6a612186-9e66-4439-b2f8-9e00fbd77085',NULL,56,24,3),(18,NULL,'Mdecin de Garde',NULL,NULL,'d9716e68-f852-4606-8327-1344d18da7a9',NULL,58,15,3),(19,NULL,'Mdecin de Garde',NULL,NULL,'ca19d475-f4cd-47e5-9466-88ab059e1ea8',NULL,60,16,3),(20,NULL,'Med Responsable Covid',NULL,NULL,'6277e061-b5c8-4bbf-9d32-8917fde0a5de',NULL,64,25,3),(21,NULL,'Mdecin de Garde',NULL,NULL,'1c9b3c07-c577-488f-8755-4a1bf1456da5',NULL,66,17,3),(22,NULL,'Mdecin de Garde',NULL,NULL,'c706b113-38ac-496d-9ecf-296efd53bae4',NULL,68,18,3),(29,NULL,'Mdecin de Garde',NULL,NULL,'01f411d0-dad2-4949-9744-3ed4cab1b4ea',NULL,77,13,3);
/*!40000 ALTER TABLE `doctors` ENABLE KEYS */;
UNLOCK TABLES;

--
-- Table structure for table `general_config`
--

DROP TABLE IF EXISTS `general_config`;
/*!40101 SET @saved_cs_client     = @@character_set_client */;
/*!40101 SET character_set_client = utf8 */;
CREATE TABLE `general_config` (
  `configid` bigint(20) NOT NULL AUTO_INCREMENT,
  `label` varchar(255) DEFAULT NULL,
  PRIMARY KEY (`configid`)
) ENGINE=MyISAM AUTO_INCREMENT=2 DEFAULT CHARSET=latin1;
/*!40101 SET character_set_client = @saved_cs_client */;

--
-- Dumping data for table `general_config`
--

LOCK TABLES `general_config` WRITE;
/*!40000 ALTER TABLE `general_config` DISABLE KEYS */;
INSERT INTO `general_config` VALUES (1,'Services Email');
/*!40000 ALTER TABLE `general_config` ENABLE KEYS */;
UNLOCK TABLES;

--
-- Table structure for table `job_title`
--

DROP TABLE IF EXISTS `job_title`;
/*!40101 SET @saved_cs_client     = @@character_set_client */;
/*!40101 SET character_set_client = utf8 */;
CREATE TABLE `job_title` (
  `job_titleid` bigint(20) NOT NULL AUTO_INCREMENT,
  `description` varchar(255) DEFAULT NULL,
  `name` varchar(255) DEFAULT NULL,
  `profile_categoryid` bigint(20) DEFAULT NULL,
  PRIMARY KEY (`job_titleid`),
  KEY `FKopbvpmbw2dlqdy7ue9ur2i4kp` (`profile_categoryid`)
) ENGINE=MyISAM AUTO_INCREMENT=11 DEFAULT CHARSET=latin1;
/*!40101 SET character_set_client = @saved_cs_client */;

--
-- Dumping data for table `job_title`
--

LOCK TABLES `job_title` WRITE;
/*!40000 ALTER TABLE `job_title` DISABLE KEYS */;
INSERT INTO `job_title` VALUES (1,NULL,'Surveillant',2),(2,NULL,'Chef de Service',1),(3,NULL,'Mdecin de Garde',1),(4,NULL,'Directeur Rgional',3),(5,NULL,'Membre Direction Rgionale',3),(6,NULL,'Membre Ministre de Sante',4),(7,NULL,'Directeur Local',2),(8,NULL,'Rgulation',2),(9,NULL,'Chef de circonscription',1),(10,NULL,'Surveillant gnral',1);
/*!40000 ALTER TABLE `job_title` ENABLE KEYS */;
UNLOCK TABLES;

--
-- Table structure for table `license`
--

DROP TABLE IF EXISTS `license`;
/*!40101 SET @saved_cs_client     = @@character_set_client */;
/*!40101 SET character_set_client = utf8 */;
CREATE TABLE `license` (
  `licenseid` bigint(20) NOT NULL AUTO_INCREMENT,
  `nbr` int(11) DEFAULT NULL,
  `regionid` bigint(20) DEFAULT NULL,
  PRIMARY KEY (`licenseid`),
  KEY `FKnv24up4kmp0gasj15xldjnvs1` (`regionid`)
) ENGINE=MyISAM AUTO_INCREMENT=2 DEFAULT CHARSET=latin1;
/*!40101 SET character_set_client = @saved_cs_client */;

--
-- Dumping data for table `license`
--

LOCK TABLES `license` WRITE;
/*!40000 ALTER TABLE `license` DISABLE KEYS */;
INSERT INTO `license` VALUES (1,100,6);
/*!40000 ALTER TABLE `license` ENABLE KEYS */;
UNLOCK TABLES;

--
-- Table structure for table `oauth_access_token`
--

DROP TABLE IF EXISTS `oauth_access_token`;
/*!40101 SET @saved_cs_client     = @@character_set_client */;
/*!40101 SET character_set_client = utf8 */;
CREATE TABLE `oauth_access_token` (
  `token_id` varchar(255) DEFAULT NULL,
  `token` blob DEFAULT NULL,
  `authentication_id` varchar(255) DEFAULT NULL,
  `user_name` varchar(255) DEFAULT NULL,
  `client_id` varchar(255) DEFAULT NULL,
  `authentication` blob DEFAULT NULL,
  `refresh_token` varchar(255) DEFAULT NULL
) ENGINE=InnoDB DEFAULT CHARSET=utf8;
/*!40101 SET character_set_client = @saved_cs_client */;

--
-- Dumping data for table `oauth_access_token`
--

LOCK TABLES `oauth_access_token` WRITE;
/*!40000 ALTER TABLE `oauth_access_token` DISABLE KEYS */;
/*!40000 ALTER TABLE `oauth_access_token` ENABLE KEYS */;
UNLOCK TABLES;

--
-- Table structure for table `oauth_client_details`
--

DROP TABLE IF EXISTS `oauth_client_details`;
/*!40101 SET @saved_cs_client     = @@character_set_client */;
/*!40101 SET character_set_client = utf8 */;
CREATE TABLE `oauth_client_details` (
  `CLIENT_ID` varchar(255) NOT NULL,
  `CLIENT_SECRET` varchar(255) NOT NULL,
  `RESOURCE_IDS` varchar(255) DEFAULT NULL,
  `SCOPE` varchar(255) DEFAULT NULL,
  `AUTHORIZED_GRANT_TYPES` varchar(255) DEFAULT NULL,
  `WEB_SERVER_REDIRECT_URI` varchar(255) DEFAULT NULL,
  `AUTHORITIES` varchar(255) DEFAULT NULL,
  `ACCESS_TOKEN_VALIDITY` int(11) DEFAULT NULL,
  `REFRESH_TOKEN_VALIDITY` int(11) DEFAULT NULL,
  `ADDITIONAL_INFORMATION` varchar(4096) DEFAULT NULL,
  `AUTOAPPROVE` varchar(255) DEFAULT NULL,
  PRIMARY KEY (`CLIENT_ID`)
) ENGINE=InnoDB DEFAULT CHARSET=utf8;
/*!40101 SET character_set_client = @saved_cs_client */;

--
-- Dumping data for table `oauth_client_details`
--

LOCK TABLES `oauth_client_details` WRITE;
/*!40000 ALTER TABLE `oauth_client_details` DISABLE KEYS */;
INSERT INTO `oauth_client_details` VALUES ('USER_CLIENT_APP','{bcrypt}$2a$10$EOs8VROb14e7ZnydvXECA.4LoIhPOoFHKvVF/iBZ/ker17Eocz4Vi','USER_CLIENT_RESOURCE,USER_ADMIN_RESOURCE','PubOrg,Subscriber,Admin,PubSrv','authorization_code,password,refresh_token,implicit',NULL,NULL,172800,252000,'{}',NULL);
/*!40000 ALTER TABLE `oauth_client_details` ENABLE KEYS */;
UNLOCK TABLES;

--
-- Table structure for table `oauth_client_token`
--

DROP TABLE IF EXISTS `oauth_client_token`;
/*!40101 SET @saved_cs_client     = @@character_set_client */;
/*!40101 SET character_set_client = utf8 */;
CREATE TABLE `oauth_client_token` (
  `token_id` varchar(255) DEFAULT NULL,
  `token` blob DEFAULT NULL,
  `authentication_id` varchar(255) DEFAULT NULL,
  `user_name` varchar(255) DEFAULT NULL,
  `client_id` varchar(255) DEFAULT NULL
) ENGINE=InnoDB DEFAULT CHARSET=utf8;
/*!40101 SET character_set_client = @saved_cs_client */;

--
-- Dumping data for table `oauth_client_token`
--

LOCK TABLES `oauth_client_token` WRITE;
/*!40000 ALTER TABLE `oauth_client_token` DISABLE KEYS */;
/*!40000 ALTER TABLE `oauth_client_token` ENABLE KEYS */;
UNLOCK TABLES;

--
-- Table structure for table `oauth_code`
--

DROP TABLE IF EXISTS `oauth_code`;
/*!40101 SET @saved_cs_client     = @@character_set_client */;
/*!40101 SET character_set_client = utf8 */;
CREATE TABLE `oauth_code` (
  `code` varchar(256) DEFAULT NULL,
  `authentication` mediumblob DEFAULT NULL
) ENGINE=InnoDB DEFAULT CHARSET=latin1;
/*!40101 SET character_set_client = @saved_cs_client */;

--
-- Dumping data for table `oauth_code`
--

LOCK TABLES `oauth_code` WRITE;
/*!40000 ALTER TABLE `oauth_code` DISABLE KEYS */;
/*!40000 ALTER TABLE `oauth_code` ENABLE KEYS */;
UNLOCK TABLES;

--
-- Table structure for table `oauth_refresh_token`
--

DROP TABLE IF EXISTS `oauth_refresh_token`;
/*!40101 SET @saved_cs_client     = @@character_set_client */;
/*!40101 SET character_set_client = utf8 */;
CREATE TABLE `oauth_refresh_token` (
  `token_id` varchar(255) DEFAULT NULL,
  `token` blob DEFAULT NULL,
  `authentication` blob DEFAULT NULL
) ENGINE=InnoDB DEFAULT CHARSET=utf8;
/*!40101 SET character_set_client = @saved_cs_client */;

--
-- Dumping data for table `oauth_refresh_token`
--

LOCK TABLES `oauth_refresh_token` WRITE;
/*!40000 ALTER TABLE `oauth_refresh_token` DISABLE KEYS */;
/*!40000 ALTER TABLE `oauth_refresh_token` ENABLE KEYS */;
UNLOCK TABLES;

--
-- Table structure for table `org_parameter`
--

DROP TABLE IF EXISTS `org_parameter`;
/*!40101 SET @saved_cs_client     = @@character_set_client */;
/*!40101 SET character_set_client = utf8 */;
CREATE TABLE `org_parameter` (
  `org_prid` bigint(20) NOT NULL AUTO_INCREMENT,
  `configid` bigint(20) DEFAULT NULL,
  `orgid` bigint(20) DEFAULT NULL,
  PRIMARY KEY (`org_prid`),
  KEY `FKf52favdgseb0lqiu95fbuu8uv` (`configid`),
  KEY `FKifbudvbrnn014kt09uvy0yibl` (`orgid`)
) ENGINE=MyISAM AUTO_INCREMENT=2 DEFAULT CHARSET=latin1;
/*!40101 SET character_set_client = @saved_cs_client */;

--
-- Dumping data for table `org_parameter`
--

LOCK TABLES `org_parameter` WRITE;
/*!40000 ALTER TABLE `org_parameter` DISABLE KEYS */;
INSERT INTO `org_parameter` VALUES (1,1,3);
/*!40000 ALTER TABLE `org_parameter` ENABLE KEYS */;
UNLOCK TABLES;

--
-- Table structure for table `organization`
--

DROP TABLE IF EXISTS `organization`;
/*!40101 SET @saved_cs_client     = @@character_set_client */;
/*!40101 SET character_set_client = utf8 */;
CREATE TABLE `organization` (
  `orgid` bigint(20) NOT NULL AUTO_INCREMENT,
  `logo` varchar(255) DEFAULT NULL,
  `org_name` varchar(255) DEFAULT NULL,
  `cityid` bigint(20) DEFAULT NULL,
  `imgurl` varchar(255) DEFAULT NULL,
  `type` varchar(255) DEFAULT NULL,
  `admin` bit(1) DEFAULT NULL,
  PRIMARY KEY (`orgid`),
  KEY `FKncfn2kvhkc9nyhqx4w5yu3uoc` (`cityid`)
) ENGINE=MyISAM AUTO_INCREMENT=7 DEFAULT CHARSET=latin1;
/*!40101 SET character_set_client = @saved_cs_client */;

--
-- Dumping data for table `organization`
--

LOCK TABLES `organization` WRITE;
/*!40000 ALTER TABLE `organization` DISABLE KEYS */;
INSERT INTO `organization` VALUES (1,NULL,'CHU Fattouma Bourguiba',135,'https://api.covibed.tn/view/image/chu.png','CHU','\0'),(2,NULL,'HR Ksar Hellal',132,'https://api.covibed.tn/view/image/hr.png','HR','\0'),(3,NULL,'HR Moknine',134,'https://api.covibed.tn/view/image/hr.png','HR','\0'),(4,NULL,'HC Jammel',131,'https://api.covibed.tn/view/image/hc.png','HC','\0'),(5,NULL,'HC Teboulba',139,'https://api.covibed.tn/view/image/hc.png','HC','\0'),(6,NULL,'Direction Regionale',135,NULL,'DRG','');
/*!40000 ALTER TABLE `organization` ENABLE KEYS */;
UNLOCK TABLES;

--
-- Table structure for table `permission`
--

DROP TABLE IF EXISTS `permission`;
/*!40101 SET @saved_cs_client     = @@character_set_client */;
/*!40101 SET character_set_client = utf8 */;
CREATE TABLE `permission` (
  `id` int(11) NOT NULL AUTO_INCREMENT,
  `name` varchar(255) DEFAULT NULL,
  PRIMARY KEY (`id`)
) ENGINE=MyISAM AUTO_INCREMENT=5 DEFAULT CHARSET=latin1;
/*!40101 SET character_set_client = @saved_cs_client */;

--
-- Dumping data for table `permission`
--

LOCK TABLES `permission` WRITE;
/*!40000 ALTER TABLE `permission` DISABLE KEYS */;
INSERT INTO `permission` VALUES (1,'can_create_user'),(2,'can_delete_user'),(3,'can_read_user'),(4,'can_update_user');
/*!40000 ALTER TABLE `permission` ENABLE KEYS */;
UNLOCK TABLES;

--
-- Table structure for table `permission_role`
--

DROP TABLE IF EXISTS `permission_role`;
/*!40101 SET @saved_cs_client     = @@character_set_client */;
/*!40101 SET character_set_client = utf8 */;
CREATE TABLE `permission_role` (
  `role_id` int(11) NOT NULL,
  `permission_id` int(11) NOT NULL,
  KEY `FK3tuvkbyi6wcytyg21hvpd6txw` (`permission_id`),
  KEY `FK50sfdcvbvdaclpn7wp4uop4ml` (`role_id`)
) ENGINE=MyISAM DEFAULT CHARSET=latin1;
/*!40101 SET character_set_client = @saved_cs_client */;

--
-- Dumping data for table `permission_role`
--

LOCK TABLES `permission_role` WRITE;
/*!40000 ALTER TABLE `permission_role` DISABLE KEYS */;
INSERT INTO `permission_role` VALUES (1,1),(1,2),(1,3),(1,4),(2,1),(2,2),(2,3),(2,4),(3,1),(3,2),(3,3),(3,4),(4,1),(4,2),(4,3),(4,4);
/*!40000 ALTER TABLE `permission_role` ENABLE KEYS */;
UNLOCK TABLES;

--
-- Table structure for table `profile_category`
--

DROP TABLE IF EXISTS `profile_category`;
/*!40101 SET @saved_cs_client     = @@character_set_client */;
/*!40101 SET character_set_client = utf8 */;
CREATE TABLE `profile_category` (
  `profile_categoryid` bigint(20) NOT NULL AUTO_INCREMENT,
  `description` varchar(255) DEFAULT NULL,
  `name` varchar(255) DEFAULT NULL,
  PRIMARY KEY (`profile_categoryid`)
) ENGINE=MyISAM AUTO_INCREMENT=6 DEFAULT CHARSET=latin1;
/*!40101 SET character_set_client = @saved_cs_client */;

--
-- Dumping data for table `profile_category`
--

LOCK TABLES `profile_category` WRITE;
/*!40000 ALTER TABLE `profile_category` DISABLE KEYS */;
INSERT INTO `profile_category` VALUES (1,NULL,'Organisation Locale'),(2,NULL,'Direction Local'),(3,NULL,'Direction Rgionale'),(4,NULL,'Direction Nationale');
/*!40000 ALTER TABLE `profile_category` ENABLE KEYS */;
UNLOCK TABLES;

--
-- Table structure for table `qr_code_detail`
--

DROP TABLE IF EXISTS `qr_code_detail`;
/*!40101 SET @saved_cs_client     = @@character_set_client */;
/*!40101 SET character_set_client = utf8 */;
CREATE TABLE `qr_code_detail` (
  `qrid` bigint(20) NOT NULL AUTO_INCREMENT,
  `hashids` varchar(255) DEFAULT NULL,
  `storagepath` varchar(255) DEFAULT NULL,
  `url` varchar(255) DEFAULT NULL,
  PRIMARY KEY (`qrid`)
) ENGINE=MyISAM DEFAULT CHARSET=latin1;
/*!40101 SET character_set_client = @saved_cs_client */;

--
-- Dumping data for table `qr_code_detail`
--

LOCK TABLES `qr_code_detail` WRITE;
/*!40000 ALTER TABLE `qr_code_detail` DISABLE KEYS */;
/*!40000 ALTER TABLE `qr_code_detail` ENABLE KEYS */;
UNLOCK TABLES;

--
-- Table structure for table `region`
--

DROP TABLE IF EXISTS `region`;
/*!40101 SET @saved_cs_client     = @@character_set_client */;
/*!40101 SET character_set_client = utf8 */;
CREATE TABLE `region` (
  `regionid` bigint(20) NOT NULL AUTO_INCREMENT,
  `lat` double DEFAULT NULL,
  `lng` double DEFAULT NULL,
  `name` varchar(255) DEFAULT NULL,
  `countryid` bigint(20) DEFAULT NULL,
  PRIMARY KEY (`regionid`),
  KEY `FK9pva4aa7u4qe113nbsvdoj5yq` (`countryid`)
) ENGINE=MyISAM AUTO_INCREMENT=95 DEFAULT CHARSET=latin1;
/*!40101 SET character_set_client = @saved_cs_client */;

--
-- Dumping data for table `region`
--

LOCK TABLES `region` WRITE;
/*!40000 ALTER TABLE `region` DISABLE KEYS */;
INSERT INTO `region` VALUES (1,36.8625,10.19556,'Ariana',199),(2,36.80278,10.17972,'Tunis',199),(3,36.75333,10.2222,'Ben Arous',199),(4,34.74056,10.76028,'Sfax',199),(5,35.82556,10.64111,'Sousse',199),(6,35.79,10.82,'Monastir',199),(7,36.45,10.73333,'Nabeul',199),(8,35.52,11.07,'Mahdia',199),(9,35.68,10.1,'Kairouan',199),(10,37.29,9.87,'Bizerte',199),(11,33.35,10.49,'Medenine',199),(12,36.80778,10.10111,'Mannouba',199),(13,33.88333,10.11667,'Gabes',199),(14,36.73333,9.18333,'Beja',199),(15,34.425,8.78417,'Gafsa',199),(16,36.50111,8.77944,'Jendouba',199),(17,36.19,8.71,'Le Kef',199),(18,35.04028,9.49361,'Sidi Bouzid',199),(19,35.18,8.83,'Kasserine',199),(20,36.4,10.14,'Zaghouan',199),(21,36.08333,9.36667,'Siliana',199),(22,33.70194,8.97361,'Kebili',199),(23,32.93333,10.45,'Tataouine',199),(24,33.93,8.13,'Tozeur',199),(25,27.866667,-0.283333,'Adrar',38),(26,36.166667,1.333333,'Chlef',38),(27,33.7972551,2.8694065,'Laghouat',38),(28,35.7881449,7.179026,'Oum El Bouaghi',38),(29,35.55,6.166667,'Batna',38),(31,34.85,5.733333,'Biskra',38),(32,31.6182492,-2.2143231,'Bchar',38),(33,36.4798683,2.8005677,'Blida',38),(34,36.2835299,3.9878427,'Bouira',38),(35,22.785,5.522778,'Tamanrasset',38),(36,35.4,8.116667,'Tbessa',38),(37,34.8884062,-1.3180042,'Tlemcen',38),(38,35.3673553,1.3220322,'Tiaret',38),(39,36.716667,4.05,'Tizi Ouzou',38),(40,36.752887,3.042048,'Alger',38),(41,34.666667,3.25,'Djelfa',38),(42,36.8167387,5.7490933,'Jijel',38),(43,36.1969027,5.4150871,'Stif',38),(45,36.866667,6.9,'Skikda',38),(47,36.9,7.766667,'Annaba',38),(48,36.45,7.433333,'Guelma',38),(49,36.35,6.6,'Constantine',38),(50,36.266667,2.75,'Mda',38),(51,35.933333,0.083333,'Mostaganem',38),(52,35.316633,4.2333355,'M\'Sila',38),(53,35.3904125,0.1494988,'Mascara',38),(54,31.95,5.316667,'Ouargla',38),(55,35.6976541,-0.6337376,'Oran',38),(56,33.680278,1.020278,'El Bayadh',38),(57,26.505,8.482222,'Illizi',38),(58,36.0704188,4.7564046,'Bordj Bou Arreridj',38),(60,36.767,8.317,'El Tarf',38),(61,27.6761012,-8.1276526,'Tindouf',38),(62,35.607778,1.811111,'Tissemsilt',38),(63,33.3713397,6.8479682,'El Oued',38),(64,35.416667,7.133333,'Khenchela',38),(65,36.286389,7.951111,'Souk Ahras',38),(66,36.6178786,2.3912362,'Tipaza',38),(67,36.45028,6.26444,'Mila',38),(69,33.4350615,-0.9056623,'Nama',38),(72,35.733333,0.55,'Relizane',38),(73,29.260922,0.238539,'Timimoun',38),(74,23.760643,-0.9056623,'Bordj Badji Mokhtar',38),(75,34.4466834,5.1015225,'Ouled Djellal',38),(77,27.192777,2.485146,'In Salah',38),(78,20.46311,5.72598,'In Guezzam',38),(79,33.0996078,6.0785104,'Touggourt',38),(80,24.5542,9.4854,'Djanet',38),(81,33.9503,5.9244,'El Meghaier',38),(82,30.583316,2.88367,'El Menia',38),(84,34.683333,-1.9,'Oriental',112),(86,34.1728,6.2376,'Rabat-Sal-Knitra',112),(87,32.46,-6.35,'Bni Mellal-Khnifra',112),(88,33.2161,7.4381,'Casablanca-Settat',112),(89,31.7331,8.1339,'Marrakech-Safi',112),(90,31.15,5.394,'Dra-Tafilalet',112),(91,30.2751,8.1339,'Souss-Massa',112),(92,28.4844,10.0807,'Guelmim-Oued Noun',112),(93,27.8683,11.9805,'Layoune-Sakia El Hamra',112),(94,22.7338,14.2861,'Dakhla-Oued Ed Dahab',112);
/*!40000 ALTER TABLE `region` ENABLE KEYS */;
UNLOCK TABLES;

--
-- Table structure for table `role`
--

DROP TABLE IF EXISTS `role`;
/*!40101 SET @saved_cs_client     = @@character_set_client */;
/*!40101 SET character_set_client = utf8 */;
CREATE TABLE `role` (
  `id` bigint(20) NOT NULL AUTO_INCREMENT,
  `name` varchar(64) DEFAULT NULL,
  `description` varchar(255) DEFAULT NULL,
  PRIMARY KEY (`id`)
) ENGINE=MyISAM AUTO_INCREMENT=5 DEFAULT CHARSET=latin1;
/*!40101 SET character_set_client = @saved_cs_client */;

--
-- Dumping data for table `role`
--

LOCK TABLES `role` WRITE;
/*!40000 ALTER TABLE `role` DISABLE KEYS */;
INSERT INTO `role` VALUES (1,'PubOrg',NULL),(2,'Subscriber',NULL),(3,'Admin',NULL),(4,'PubSrv',NULL);
/*!40000 ALTER TABLE `role` ENABLE KEYS */;
UNLOCK TABLES;

--
-- Table structure for table `service_bed_history`
--

DROP TABLE IF EXISTS `service_bed_history`;
/*!40101 SET @saved_cs_client     = @@character_set_client */;
/*!40101 SET character_set_client = utf8 */;
CREATE TABLE `service_bed_history` (
  `histid` bigint(20) NOT NULL AUTO_INCREMENT,
  `date` varchar(255) DEFAULT NULL,
  `intubation` bit(1) DEFAULT NULL,
  PRIMARY KEY (`histid`)
) ENGINE=MyISAM DEFAULT CHARSET=latin1;
/*!40101 SET character_set_client = @saved_cs_client */;

--
-- Dumping data for table `service_bed_history`
--

LOCK TABLES `service_bed_history` WRITE;
/*!40000 ALTER TABLE `service_bed_history` DISABLE KEYS */;
/*!40000 ALTER TABLE `service_bed_history` ENABLE KEYS */;
UNLOCK TABLES;

--
-- Table structure for table `services`
--

DROP TABLE IF EXISTS `services`;
/*!40101 SET @saved_cs_client     = @@character_set_client */;
/*!40101 SET character_set_client = utf8 */;
CREATE TABLE `services` (
  `srvid` bigint(20) NOT NULL AUTO_INCREMENT,
  `services_name` varchar(255) DEFAULT NULL,
  `orgid` bigint(20) DEFAULT NULL,
  `imgurl` varchar(255) DEFAULT NULL,
  `admin` varchar(255) DEFAULT NULL,
  PRIMARY KEY (`srvid`),
  KEY `FK8xvxrq5setm3bbqk7r1r57c3k` (`orgid`)
) ENGINE=MyISAM AUTO_INCREMENT=26 DEFAULT CHARSET=latin1;
/*!40101 SET character_set_client = @saved_cs_client */;

--
-- Dumping data for table `services`
--

LOCK TABLES `services` WRITE;
/*!40000 ALTER TABLE `services` DISABLE KEYS */;
INSERT INTO `services` VALUES (1,'Maladies Infectieuses',1,'https://api.covibed.tn/view/image/infection.png','0'),(2,'Pneumologie ( Covid )',1,'https://api.covibed.tn/view/image/pneumo.png','0'),(3,'Zone Tampon',1,'https://api.covibed.tn/view/image/circuit_covid-19.png','0'),(4,'Nephro ( Covid )',1,'https://api.covibed.tn/view/image/nephro.png','0'),(5,'Ra Polyvalente',1,'https://api.covibed.tn/view/image/rea.png','0'),(6,'Post opratoire',1,'https://api.covibed.tn/view/image/post-op.png','0'),(7,'USIC (B)',1,'https://api.covibed.tn/view/image/usic.png','0'),(8,'Anesthesie ra (A)',1,'https://api.covibed.tn/view/image/anesthe.png','0'),(9,'Gastro (Covid)',1,'https://api.covibed.tn/view/image/gastro.png','0'),(10,'Chirurgie Gnrale (Covid)',1,'https://api.covibed.tn/view/image/gen-surgey.png','0'),(11,'Zone Tampon',2,'https://api.covibed.tn/view/image/circuit_covid-19.png','0'),(12,'Covid +',2,'https://api.covibed.tn/view/image/circuit_covid-19_plus.png','0'),(13,'Zone Tampon',3,'https://api.covibed.tn/view/image/circuit_covid-19.png','0'),(14,'Covid +',3,'https://api.covibed.tn/view/image/circuit_covid-19_plus.png','0'),(15,'Zone Tampon',4,'https://api.covibed.tn/view/image/circuit_covid-19.png','0'),(16,'Covid +',4,'https://api.covibed.tn/view/image/circuit_covid-19_plus.png','0'),(17,'Zone Tampon',5,'https://api.covibed.tn/view/image/circuit_covid-19.png','0'),(18,'Covid +',5,'https://api.covibed.tn/view/image/circuit_covid-19_plus.png','0'),(20,' ',6,NULL,'1'),(21,'Direction',1,NULL,'1'),(22,'Direction',2,NULL,'1'),(23,'Direction',3,NULL,'1'),(24,'Direction',4,NULL,'1'),(25,'Direction',5,NULL,'1');
/*!40000 ALTER TABLE `services` ENABLE KEYS */;
UNLOCK TABLES;

--
-- Table structure for table `staff`
--

DROP TABLE IF EXISTS `staff`;
/*!40101 SET @saved_cs_client     = @@character_set_client */;
/*!40101 SET character_set_client = utf8 */;
CREATE TABLE `staff` (
  `staffid` bigint(20) NOT NULL AUTO_INCREMENT,
  `fonction` varchar(255) DEFAULT NULL,
  `notifid` varchar(255) DEFAULT NULL,
  `contact_contactid` bigint(20) DEFAULT NULL,
  `srvid` bigint(20) DEFAULT NULL,
  `job_titleid` bigint(20) DEFAULT NULL,
  PRIMARY KEY (`staffid`),
  UNIQUE KEY `UK_d457fwfyi8r4oa8a1ctu7k832` (`contact_contactid`),
  KEY `FK4y5722obk6wrpnayw2o6463tg` (`srvid`),
  KEY `FK1c4cbychs9tulx7gpf10dhn6n` (`job_titleid`)
) ENGINE=MyISAM AUTO_INCREMENT=49 DEFAULT CHARSET=latin1;
/*!40101 SET character_set_client = @saved_cs_client */;

--
-- Dumping data for table `staff`
--

LOCK TABLES `staff` WRITE;
/*!40000 ALTER TABLE `staff` DISABLE KEYS */;
INSERT INTO `staff` VALUES (1,'Directeur Rgionale','0f6371b0-5954-4b68-a430-c0ca2b491a95',1,20,4),(2,'Coordinateur Gnral du Network Covid+','20a1b65d-37df-4f47-8062-6698f1cf85c5',2,20,5),(3,'Mdecin Gnraliste','57fe1adf-12f3-4cf0-83a7-376ac8584c7c',3,20,5),(4,'Mdecin','7b1927a8-9ed9-4034-a188-a4124957b808',4,20,5),(5,'Mdecin','f24419b2-9901-4300-a3c5-0900de284cea',5,20,5),(6,'Directeur CHU Monastir','2f43d11f-0528-4d58-b210-95cec9eb3f8c',6,21,7),(7,'Chef de Service des urgences CHU MIR','fff4bc38-92a5-4588-91d1-efa81cedc7e1',7,21,2),(8,'Regulateur','7a4902b1-ab87-45af-8fe6-972cd0e06861',8,21,8),(9,'Surveillant','e58b9e17-e015-413c-bd97-1f9dd8e43634',9,3,1),(10,'Chef de Service','9e106f3a-9a2d-4ebf-b1f7-ca55daf5f0aa',11,1,2),(11,'Surveillant','4f777dbb-6b5e-427c-b53b-82892619437c',12,1,1),(12,'Chef de Service','ee8b20a0-79cc-48f8-bc00-931b05e39cbe',14,2,2),(13,'Surveillant','51add1d6-b604-4757-bb1e-1e200399c817',15,2,1),(14,'Chef de Service','06fbff50-f4c0-41ad-998b-1354c361632f',17,4,2),(15,'Surveillant','e70fe98b-93fb-4c53-9049-ad90ff387087',18,4,1),(16,'Chef de Service','50eb97a2-a666-4355-898c-84597a59fc28',20,5,2),(17,'Surveillant','4244f803-8cc0-4408-b177-95e37d3affae',21,5,1),(18,'Chef de Service','037448b6-9dc8-4079-848c-9f2577711e6e',23,6,2),(19,'Surveillant','80a4a2d1-b5d7-465f-a769-8a36e8bafaef',24,6,1),(20,'Chef de Service','d5ff8d18-7e6c-4707-a82e-95c2f97e6032',26,7,2),(21,'Surveillant','1268b4c1-ce8c-45c9-b43c-760504bc2d5b',27,7,1),(22,'Chef de Service','89692df3-54f1-4458-8354-e5c46dba9a71',29,8,2),(23,'Surveillant','805b943f-a605-4087-a2ee-560ccc969c58',30,8,1),(24,'Chef de Service','b9133570-98ab-43b6-b32d-16f523f7a613',32,9,2),(25,'Surveillant','36aa334f-a4bb-4767-ac52-9b94bbda1215',33,9,1),(26,'Chef de Service','19adbd0f-9c3c-4053-ba85-5e4d9b737222',35,10,2),(27,'Surveillant de Service','6a549301-8d0c-42ea-a0dd-b1ad732ee2cb',36,10,1),(28,'Directeur','3bb16365-1a3d-48b1-bc2d-7d2f72131489',38,22,7),(29,'Chef de Circonscription','1713c3d5-22a4-48be-bedb-badc573da4c2',39,22,9),(30,'Surveillant Gnral','85d9b26a-3e57-415d-ae70-a0e6b84d4757',41,22,1),(31,'Surveillant de Service','1fedbe84-97d0-4999-a62a-9d44ed2a72bc',43,11,1),(32,'Surveillant de Service','2caf8594-fd3a-4c03-9aaf-aa428069a016',45,12,1),(33,'Directeur','4f775918-5bdf-4f88-b007-47bada838b32',46,23,7),(34,'Chef de Circonscription','40a0b66e-1449-4197-96a9-2eab26850f64',47,23,9),(35,'Surveillant Gnral','e96133b6-511a-4dfe-883e-d7f4fe3f7952',49,23,1),(36,'Surveillant de Service','7dd197c8-26dc-462c-92d5-3026b16d2315',51,13,1),(37,'Surveillant de Service','a2656c12-beee-4fe3-88b0-ca0748bbe8a5',53,14,1),(38,'Directeur','b3de6812-52be-4599-bb21-11799f398e9c',54,24,7),(39,'Chef de Circonscription','71ddb840-c91b-4745-9c3d-ab17ab30c7a2',55,24,9),(40,'Surveillant Gnral','9a87a1ff-8b26-4f9d-b222-75e9dcc3a845',57,24,1),(41,'Surveillant de Service','83e022c7-08ab-45cd-8f05-4883c09da54a',59,15,1),(42,'Surveillant de Service','b889e327-f4ce-4694-86d2-cf1e5a14a26e',61,15,1),(43,'Directeur','f597e90a-888f-49ba-8851-a48bfae9eded',62,25,7),(44,'Chef de Circonscription','6957a7ac-418c-4b6a-8951-5c37ef90c300',63,25,9),(45,'Surveillant Gnral','4a381469-8da0-4aaa-b9c7-e96653e98c54',65,25,1),(46,'Surveillant de Service','c486d79a-0f2d-4edd-b838-fb23098a9eb5',67,17,1),(47,'Surveillant de Service','e8ca359a-2c84-42be-a76a-0d7e6f6d57bf',69,18,1),(48,'Surveillant Gnral','a48bfae9eded-c486d79a-8da0',70,21,10);
/*!40000 ALTER TABLE `staff` ENABLE KEYS */;
UNLOCK TABLES;

--
-- Table structure for table `temp_bed`
--

DROP TABLE IF EXISTS `temp_bed`;
/*!40101 SET @saved_cs_client     = @@character_set_client */;
/*!40101 SET character_set_client = utf8 */;
CREATE TABLE `temp_bed` (
  `temp_bedid` bigint(20) NOT NULL AUTO_INCREMENT,
  `availability` bit(1) DEFAULT NULL,
  `gravity` int(11) DEFAULT NULL,
  `intubation` bit(1) DEFAULT NULL,
  `label` varchar(255) DEFAULT NULL,
  `o2` int(11) DEFAULT NULL,
  `type` varchar(255) DEFAULT NULL,
  `srv_id` bigint(20) DEFAULT NULL,
  PRIMARY KEY (`temp_bedid`),
  KEY `FKqqsiqhxe7nw7t1mmptoogddjb` (`srv_id`)
) ENGINE=MyISAM AUTO_INCREMENT=1001 DEFAULT CHARSET=latin1;
/*!40101 SET character_set_client = @saved_cs_client */;

--
-- Dumping data for table `temp_bed`
--

LOCK TABLES `temp_bed` WRITE;
/*!40000 ALTER TABLE `temp_bed` DISABLE KEYS */;
INSERT INTO `temp_bed` VALUES (1,'\0',3,'\0','Lit-Tmp-1',0,'tmp',NULL),(2,'\0',2,'\0','Lit-Tmp-2',0,'tmp',9),(3,'',0,'\0','Lit-Tmp-3',0,'tmp',1),(4,'',0,'\0','Lit-Tmp-4',0,'tmp',NULL),(5,'\0',3,'\0','Lit-Tmp-5',6,'tmp',2),(6,'',0,'\0','Lit-Tmp-6',0,'tmp',2),(7,'',0,'\0','Lit-Tmp-7',0,'tmp',NULL),(8,'',0,'\0','Lit-Tmp-8',0,'tmp',NULL),(9,'',0,'\0','Lit-Tmp-9',0,'tmp',NULL),(10,'',0,'\0','Lit-Tmp-10',0,'tmp',NULL),(11,'',0,'\0','Lit-Tmp-11',0,'tmp',NULL),(12,'',0,'\0','Lit-Tmp-12',0,'tmp',NULL),(13,'',0,'\0','Lit-Tmp-13',0,'tmp',NULL),(14,'',0,'\0','Lit-Tmp-14',0,'tmp',NULL),(15,'',0,'\0','Lit-Tmp-15',0,'tmp',NULL),(16,'',0,'\0','Lit-Tmp-16',0,'tmp',NULL),(17,'',0,'\0','Lit-Tmp-17',0,'tmp',NULL),(18,'',0,'\0','Lit-Tmp-18',0,'tmp',NULL),(19,'',0,'\0','Lit-Tmp-19',0,'tmp',NULL),(20,'',0,'\0','Lit-Tmp-20',0,'tmp',NULL),(21,'',0,'\0','Lit-Tmp-21',0,'tmp',NULL),(22,'',0,'\0','Lit-Tmp-22',0,'tmp',NULL),(23,'',0,'\0','Lit-Tmp-23',0,'tmp',2),(24,'',0,'\0','Lit-Tmp-24',0,'tmp',2),(25,'',0,'\0','Lit-Tmp-25',0,'tmp',NULL),(26,'',0,'\0','Lit-Tmp-26',0,'tmp',NULL),(27,'',0,'\0','Lit-Tmp-27',0,'tmp',NULL),(28,'',0,'\0','Lit-Tmp-28',0,'tmp',NULL),(29,'',0,'\0','Lit-Tmp-29',0,'tmp',NULL),(30,'',0,'\0','Lit-Tmp-30',0,'tmp',NULL),(31,'',0,'\0','Lit-Tmp-31',0,'tmp',NULL),(32,'',0,'\0','Lit-Tmp-32',0,'tmp',NULL),(33,'',0,'\0','Lit-Tmp-33',0,'tmp',NULL),(34,'',0,'\0','Lit-Tmp-34',0,'tmp',NULL),(35,'',0,'\0','Lit-Tmp-35',0,'tmp',2),(36,'',0,'\0','Lit-Tmp-36',0,'tmp',2),(37,'',0,'\0','Lit-Tmp-37',0,'tmp',NULL),(38,'',0,'\0','Lit-Tmp-38',0,'tmp',NULL),(39,'',0,'\0','Lit-Tmp-39',0,'tmp',NULL),(40,'',0,'\0','Lit-Tmp-40',0,'tmp',NULL),(41,'',0,'\0','Lit-Tmp-41',0,'tmp',NULL),(42,'',0,'\0','Lit-Tmp-42',0,'tmp',NULL),(43,'',0,'\0','Lit-Tmp-43',0,'tmp',NULL),(44,'',0,'\0','Lit-Tmp-44',0,'tmp',NULL),(45,'',0,'\0','Lit-Tmp-45',0,'tmp',NULL),(46,'',0,'\0','Lit-Tmp-46',0,'tmp',NULL),(47,'',0,'\0','Lit-Tmp-47',0,'tmp',NULL),(48,'',0,'\0','Lit-Tmp-48',0,'tmp',NULL),(49,'',0,'\0','Lit-Tmp-49',0,'tmp',NULL),(50,'',0,'\0','Lit-Tmp-50',0,'tmp',NULL),(51,'',0,'\0','Lit-Tmp-51',0,'tmp',NULL),(52,'',0,'\0','Lit-Tmp-52',0,'tmp',NULL),(53,'',0,'\0','Lit-Tmp-53',0,'tmp',NULL),(54,'',0,'\0','Lit-Tmp-54',0,'tmp',NULL),(55,'',0,'\0','Lit-Tmp-55',0,'tmp',NULL),(56,'',0,'\0','Lit-Tmp-56',0,'tmp',NULL),(57,'',0,'\0','Lit-Tmp-57',0,'tmp',NULL),(58,'',0,'\0','Lit-Tmp-58',0,'tmp',NULL),(59,'',0,'\0','Lit-Tmp-59',0,'tmp',NULL),(60,'',0,'\0','Lit-Tmp-60',0,'tmp',NULL),(61,'',0,'\0','Lit-Tmp-61',0,'tmp',NULL),(62,'',0,'\0','Lit-Tmp-62',0,'tmp',NULL),(63,'',0,'\0','Lit-Tmp-63',0,'tmp',NULL),(64,'',0,'\0','Lit-Tmp-64',0,'tmp',NULL),(65,'',0,'\0','Lit-Tmp-65',0,'tmp',NULL),(66,'',0,'\0','Lit-Tmp-66',0,'tmp',NULL),(67,'',0,'\0','Lit-Tmp-67',0,'tmp',NULL),(68,'',0,'\0','Lit-Tmp-68',0,'tmp',NULL),(69,'',0,'\0','Lit-Tmp-69',0,'tmp',NULL),(70,'',0,'\0','Lit-Tmp-70',0,'tmp',NULL),(71,'',0,'\0','Lit-Tmp-71',0,'tmp',NULL),(72,'',0,'\0','Lit-Tmp-72',0,'tmp',NULL),(73,'',0,'\0','Lit-Tmp-73',0,'tmp',NULL),(74,'',0,'\0','Lit-Tmp-74',0,'tmp',NULL),(75,'',0,'\0','Lit-Tmp-75',0,'tmp',NULL),(76,'',0,'\0','Lit-Tmp-76',0,'tmp',NULL),(77,'',0,'\0','Lit-Tmp-77',0,'tmp',NULL),(78,'',0,'\0','Lit-Tmp-78',0,'tmp',NULL),(79,'',0,'\0','Lit-Tmp-79',0,'tmp',NULL),(80,'',0,'\0','Lit-Tmp-80',0,'tmp',NULL),(81,'',0,'\0','Lit-Tmp-81',0,'tmp',NULL),(82,'',0,'\0','Lit-Tmp-82',0,'tmp',NULL),(83,'',0,'\0','Lit-Tmp-83',0,'tmp',NULL),(84,'',0,'\0','Lit-Tmp-84',0,'tmp',NULL),(85,'',0,'\0','Lit-Tmp-85',0,'tmp',NULL),(86,'',0,'\0','Lit-Tmp-86',0,'tmp',NULL),(87,'',0,'\0','Lit-Tmp-87',0,'tmp',NULL),(88,'',0,'\0','Lit-Tmp-88',0,'tmp',NULL),(89,'',0,'\0','Lit-Tmp-89',0,'tmp',NULL),(90,'',0,'\0','Lit-Tmp-90',0,'tmp',NULL),(91,'',0,'\0','Lit-Tmp-91',0,'tmp',NULL),(92,'',0,'\0','Lit-Tmp-92',0,'tmp',NULL),(93,'',0,'\0','Lit-Tmp-93',0,'tmp',NULL),(94,'',0,'\0','Lit-Tmp-94',0,'tmp',NULL),(95,'',0,'\0','Lit-Tmp-95',0,'tmp',NULL),(96,'',0,'\0','Lit-Tmp-96',0,'tmp',NULL),(97,'',0,'\0','Lit-Tmp-97',0,'tmp',NULL),(98,'',0,'\0','Lit-Tmp-98',0,'tmp',NULL),(99,'',0,'\0','Lit-Tmp-99',0,'tmp',NULL),(100,'',0,'\0','Lit-Tmp-100',0,'tmp',NULL),(101,'',0,'\0','Lit-Tmp-101',0,'tmp',NULL),(102,'',0,'\0','Lit-Tmp-102',0,'tmp',NULL),(103,'',0,'\0','Lit-Tmp-103',0,'tmp',NULL),(104,'',0,'\0','Lit-Tmp-104',0,'tmp',NULL),(105,'',0,'\0','Lit-Tmp-105',0,'tmp',NULL),(106,'',0,'\0','Lit-Tmp-106',0,'tmp',NULL),(107,'',0,'\0','Lit-Tmp-107',0,'tmp',NULL),(108,'',0,'\0','Lit-Tmp-108',0,'tmp',NULL),(109,'',0,'\0','Lit-Tmp-109',0,'tmp',NULL),(110,'',0,'\0','Lit-Tmp-110',0,'tmp',NULL),(111,'',0,'\0','Lit-Tmp-111',0,'tmp',NULL),(112,'',0,'\0','Lit-Tmp-112',0,'tmp',NULL),(113,'',0,'\0','Lit-Tmp-113',0,'tmp',NULL),(114,'',0,'\0','Lit-Tmp-114',0,'tmp',NULL),(115,'',0,'\0','Lit-Tmp-115',0,'tmp',NULL),(116,'',0,'\0','Lit-Tmp-116',0,'tmp',NULL),(117,'',0,'\0','Lit-Tmp-117',0,'tmp',NULL),(118,'',0,'\0','Lit-Tmp-118',0,'tmp',NULL),(119,'',0,'\0','Lit-Tmp-119',0,'tmp',NULL),(120,'',0,'\0','Lit-Tmp-120',0,'tmp',NULL),(121,'',0,'\0','Lit-Tmp-121',0,'tmp',NULL),(122,'',0,'\0','Lit-Tmp-122',0,'tmp',NULL),(123,'',0,'\0','Lit-Tmp-123',0,'tmp',NULL),(124,'',0,'\0','Lit-Tmp-124',0,'tmp',NULL),(125,'',0,'\0','Lit-Tmp-125',0,'tmp',NULL),(126,'',0,'\0','Lit-Tmp-126',0,'tmp',NULL),(127,'',0,'\0','Lit-Tmp-127',0,'tmp',NULL),(128,'',0,'\0','Lit-Tmp-128',0,'tmp',NULL),(129,'',0,'\0','Lit-Tmp-129',0,'tmp',NULL),(130,'',0,'\0','Lit-Tmp-130',0,'tmp',NULL),(131,'',0,'\0','Lit-Tmp-131',0,'tmp',NULL),(132,'',0,'\0','Lit-Tmp-132',0,'tmp',NULL),(133,'',0,'\0','Lit-Tmp-133',0,'tmp',NULL),(134,'',0,'\0','Lit-Tmp-134',0,'tmp',NULL),(135,'',0,'\0','Lit-Tmp-135',0,'tmp',NULL),(136,'',0,'\0','Lit-Tmp-136',0,'tmp',NULL),(137,'',0,'\0','Lit-Tmp-137',0,'tmp',NULL),(138,'',0,'\0','Lit-Tmp-138',0,'tmp',NULL),(139,'',0,'\0','Lit-Tmp-139',0,'tmp',NULL),(140,'',0,'\0','Lit-Tmp-140',0,'tmp',NULL),(141,'',0,'\0','Lit-Tmp-141',0,'tmp',NULL),(142,'',0,'\0','Lit-Tmp-142',0,'tmp',NULL),(143,'',0,'\0','Lit-Tmp-143',0,'tmp',NULL),(144,'',0,'\0','Lit-Tmp-144',0,'tmp',NULL),(145,'',0,'\0','Lit-Tmp-145',0,'tmp',NULL),(146,'',0,'\0','Lit-Tmp-146',0,'tmp',NULL),(147,'',0,'\0','Lit-Tmp-147',0,'tmp',NULL),(148,'',0,'\0','Lit-Tmp-148',0,'tmp',NULL),(149,'',0,'\0','Lit-Tmp-149',0,'tmp',NULL),(150,'',0,'\0','Lit-Tmp-150',0,'tmp',NULL),(151,'',0,'\0','Lit-Tmp-151',0,'tmp',NULL),(152,'',0,'\0','Lit-Tmp-152',0,'tmp',NULL),(153,'',0,'\0','Lit-Tmp-153',0,'tmp',NULL),(154,'',0,'\0','Lit-Tmp-154',0,'tmp',NULL),(155,'',0,'\0','Lit-Tmp-155',0,'tmp',NULL),(156,'',0,'\0','Lit-Tmp-156',0,'tmp',NULL),(157,'',0,'\0','Lit-Tmp-157',0,'tmp',NULL),(158,'',0,'\0','Lit-Tmp-158',0,'tmp',NULL),(159,'',0,'\0','Lit-Tmp-159',0,'tmp',NULL),(160,'',0,'\0','Lit-Tmp-160',0,'tmp',NULL),(161,'',0,'\0','Lit-Tmp-161',0,'tmp',NULL),(162,'',0,'\0','Lit-Tmp-162',0,'tmp',NULL),(163,'',0,'\0','Lit-Tmp-163',0,'tmp',NULL),(164,'',0,'\0','Lit-Tmp-164',0,'tmp',NULL),(165,'',0,'\0','Lit-Tmp-165',0,'tmp',NULL),(166,'',0,'\0','Lit-Tmp-166',0,'tmp',NULL),(167,'',0,'\0','Lit-Tmp-167',0,'tmp',NULL),(168,'',0,'\0','Lit-Tmp-168',0,'tmp',NULL),(169,'',0,'\0','Lit-Tmp-169',0,'tmp',NULL),(170,'',0,'\0','Lit-Tmp-170',0,'tmp',NULL),(171,'',0,'\0','Lit-Tmp-171',0,'tmp',NULL),(172,'',0,'\0','Lit-Tmp-172',0,'tmp',NULL),(173,'',0,'\0','Lit-Tmp-173',0,'tmp',NULL),(174,'',0,'\0','Lit-Tmp-174',0,'tmp',NULL),(175,'',0,'\0','Lit-Tmp-175',0,'tmp',NULL),(176,'',0,'\0','Lit-Tmp-176',0,'tmp',NULL),(177,'',0,'\0','Lit-Tmp-177',0,'tmp',NULL),(178,'',0,'\0','Lit-Tmp-178',0,'tmp',NULL),(179,'',0,'\0','Lit-Tmp-179',0,'tmp',NULL),(180,'',0,'\0','Lit-Tmp-180',0,'tmp',NULL),(181,'',0,'\0','Lit-Tmp-181',0,'tmp',NULL),(182,'',0,'\0','Lit-Tmp-182',0,'tmp',NULL),(183,'',0,'\0','Lit-Tmp-183',0,'tmp',NULL),(184,'',0,'\0','Lit-Tmp-184',0,'tmp',NULL),(185,'',0,'\0','Lit-Tmp-185',0,'tmp',NULL),(186,'',0,'\0','Lit-Tmp-186',0,'tmp',NULL),(187,'',0,'\0','Lit-Tmp-187',0,'tmp',NULL),(188,'',0,'\0','Lit-Tmp-188',0,'tmp',NULL),(189,'',0,'\0','Lit-Tmp-189',0,'tmp',NULL),(190,'',0,'\0','Lit-Tmp-190',0,'tmp',NULL),(191,'',0,'\0','Lit-Tmp-191',0,'tmp',NULL),(192,'',0,'\0','Lit-Tmp-192',0,'tmp',NULL),(193,'',0,'\0','Lit-Tmp-193',0,'tmp',NULL),(194,'',0,'\0','Lit-Tmp-194',0,'tmp',NULL),(195,'',0,'\0','Lit-Tmp-195',0,'tmp',NULL),(196,'',0,'\0','Lit-Tmp-196',0,'tmp',NULL),(197,'',0,'\0','Lit-Tmp-197',0,'tmp',NULL),(198,'',0,'\0','Lit-Tmp-198',0,'tmp',NULL),(199,'',0,'\0','Lit-Tmp-199',0,'tmp',NULL),(200,'',0,'\0','Lit-Tmp-200',0,'tmp',NULL),(201,'',0,'\0','Lit-Tmp-201',0,'tmp',NULL),(202,'',0,'\0','Lit-Tmp-202',0,'tmp',NULL),(203,'',0,'\0','Lit-Tmp-203',0,'tmp',NULL),(204,'',0,'\0','Lit-Tmp-204',0,'tmp',NULL),(205,'',0,'\0','Lit-Tmp-205',0,'tmp',NULL),(206,'',0,'\0','Lit-Tmp-206',0,'tmp',NULL),(207,'',0,'\0','Lit-Tmp-207',0,'tmp',NULL),(208,'',0,'\0','Lit-Tmp-208',0,'tmp',NULL),(209,'',0,'\0','Lit-Tmp-209',0,'tmp',NULL),(210,'',0,'\0','Lit-Tmp-210',0,'tmp',NULL),(211,'',0,'\0','Lit-Tmp-211',0,'tmp',NULL),(212,'',0,'\0','Lit-Tmp-212',0,'tmp',NULL),(213,'',0,'\0','Lit-Tmp-213',0,'tmp',NULL),(214,'',0,'\0','Lit-Tmp-214',0,'tmp',NULL),(215,'',0,'\0','Lit-Tmp-215',0,'tmp',NULL),(216,'',0,'\0','Lit-Tmp-216',0,'tmp',NULL),(217,'',0,'\0','Lit-Tmp-217',0,'tmp',NULL),(218,'',0,'\0','Lit-Tmp-218',0,'tmp',NULL),(219,'',0,'\0','Lit-Tmp-219',0,'tmp',NULL),(220,'',0,'\0','Lit-Tmp-220',0,'tmp',NULL),(221,'',0,'\0','Lit-Tmp-221',0,'tmp',NULL),(222,'',0,'\0','Lit-Tmp-222',0,'tmp',NULL),(223,'',0,'\0','Lit-Tmp-223',0,'tmp',NULL),(224,'',0,'\0','Lit-Tmp-224',0,'tmp',NULL),(225,'',0,'\0','Lit-Tmp-225',0,'tmp',NULL),(226,'',0,'\0','Lit-Tmp-226',0,'tmp',NULL),(227,'',0,'\0','Lit-Tmp-227',0,'tmp',NULL),(228,'',0,'\0','Lit-Tmp-228',0,'tmp',NULL),(229,'',0,'\0','Lit-Tmp-229',0,'tmp',NULL),(230,'',0,'\0','Lit-Tmp-230',0,'tmp',NULL),(231,'',0,'\0','Lit-Tmp-231',0,'tmp',NULL),(232,'',0,'\0','Lit-Tmp-232',0,'tmp',NULL),(233,'',0,'\0','Lit-Tmp-233',0,'tmp',NULL),(234,'',0,'\0','Lit-Tmp-234',0,'tmp',NULL),(235,'',0,'\0','Lit-Tmp-235',0,'tmp',NULL),(236,'',0,'\0','Lit-Tmp-236',0,'tmp',NULL),(237,'',0,'\0','Lit-Tmp-237',0,'tmp',NULL),(238,'',0,'\0','Lit-Tmp-238',0,'tmp',NULL),(239,'',0,'\0','Lit-Tmp-239',0,'tmp',NULL),(240,'',0,'\0','Lit-Tmp-240',0,'tmp',NULL),(241,'',0,'\0','Lit-Tmp-241',0,'tmp',NULL),(242,'',0,'\0','Lit-Tmp-242',0,'tmp',NULL),(243,'',0,'\0','Lit-Tmp-243',0,'tmp',NULL),(244,'',0,'\0','Lit-Tmp-244',0,'tmp',NULL),(245,'',0,'\0','Lit-Tmp-245',0,'tmp',NULL),(246,'',0,'\0','Lit-Tmp-246',0,'tmp',NULL),(247,'',0,'\0','Lit-Tmp-247',0,'tmp',NULL),(248,'',0,'\0','Lit-Tmp-248',0,'tmp',NULL),(249,'',0,'\0','Lit-Tmp-249',0,'tmp',NULL),(250,'',0,'\0','Lit-Tmp-250',0,'tmp',NULL),(251,'',0,'\0','Lit-Tmp-251',0,'tmp',NULL),(252,'',0,'\0','Lit-Tmp-252',0,'tmp',NULL),(253,'',0,'\0','Lit-Tmp-253',0,'tmp',NULL),(254,'',0,'\0','Lit-Tmp-254',0,'tmp',NULL),(255,'',0,'\0','Lit-Tmp-255',0,'tmp',NULL),(256,'',0,'\0','Lit-Tmp-256',0,'tmp',NULL),(257,'',0,'\0','Lit-Tmp-257',0,'tmp',NULL),(258,'',0,'\0','Lit-Tmp-258',0,'tmp',NULL),(259,'',0,'\0','Lit-Tmp-259',0,'tmp',NULL),(260,'',0,'\0','Lit-Tmp-260',0,'tmp',NULL),(261,'',0,'\0','Lit-Tmp-261',0,'tmp',NULL),(262,'',0,'\0','Lit-Tmp-262',0,'tmp',NULL),(263,'',0,'\0','Lit-Tmp-263',0,'tmp',NULL),(264,'',0,'\0','Lit-Tmp-264',0,'tmp',NULL),(265,'',0,'\0','Lit-Tmp-265',0,'tmp',NULL),(266,'',0,'\0','Lit-Tmp-266',0,'tmp',NULL),(267,'',0,'\0','Lit-Tmp-267',0,'tmp',NULL),(268,'',0,'\0','Lit-Tmp-268',0,'tmp',NULL),(269,'',0,'\0','Lit-Tmp-269',0,'tmp',NULL),(270,'',0,'\0','Lit-Tmp-270',0,'tmp',NULL),(271,'',0,'\0','Lit-Tmp-271',0,'tmp',NULL),(272,'',0,'\0','Lit-Tmp-272',0,'tmp',NULL),(273,'',0,'\0','Lit-Tmp-273',0,'tmp',NULL),(274,'',0,'\0','Lit-Tmp-274',0,'tmp',NULL),(275,'',0,'\0','Lit-Tmp-275',0,'tmp',NULL),(276,'',0,'\0','Lit-Tmp-276',0,'tmp',NULL),(277,'',0,'\0','Lit-Tmp-277',0,'tmp',NULL),(278,'',0,'\0','Lit-Tmp-278',0,'tmp',NULL),(279,'',0,'\0','Lit-Tmp-279',0,'tmp',NULL),(280,'',0,'\0','Lit-Tmp-280',0,'tmp',NULL),(281,'',0,'\0','Lit-Tmp-281',0,'tmp',NULL),(282,'',0,'\0','Lit-Tmp-282',0,'tmp',NULL),(283,'',0,'\0','Lit-Tmp-283',0,'tmp',NULL),(284,'',0,'\0','Lit-Tmp-284',0,'tmp',NULL),(285,'',0,'\0','Lit-Tmp-285',0,'tmp',NULL),(286,'',0,'\0','Lit-Tmp-286',0,'tmp',NULL),(287,'',0,'\0','Lit-Tmp-287',0,'tmp',NULL),(288,'',0,'\0','Lit-Tmp-288',0,'tmp',NULL),(289,'',0,'\0','Lit-Tmp-289',0,'tmp',NULL),(290,'',0,'\0','Lit-Tmp-290',0,'tmp',NULL),(291,'',0,'\0','Lit-Tmp-291',0,'tmp',NULL),(292,'',0,'\0','Lit-Tmp-292',0,'tmp',NULL),(293,'',0,'\0','Lit-Tmp-293',0,'tmp',NULL),(294,'',0,'\0','Lit-Tmp-294',0,'tmp',NULL),(295,'',0,'\0','Lit-Tmp-295',0,'tmp',NULL),(296,'',0,'\0','Lit-Tmp-296',0,'tmp',NULL),(297,'',0,'\0','Lit-Tmp-297',0,'tmp',NULL),(298,'',0,'\0','Lit-Tmp-298',0,'tmp',NULL),(299,'',0,'\0','Lit-Tmp-299',0,'tmp',NULL),(300,'',0,'\0','Lit-Tmp-300',0,'tmp',NULL),(301,'',0,'\0','Lit-Tmp-301',0,'tmp',NULL),(302,'',0,'\0','Lit-Tmp-302',0,'tmp',NULL),(303,'',0,'\0','Lit-Tmp-303',0,'tmp',NULL),(304,'',0,'\0','Lit-Tmp-304',0,'tmp',NULL),(305,'',0,'\0','Lit-Tmp-305',0,'tmp',NULL),(306,'',0,'\0','Lit-Tmp-306',0,'tmp',NULL),(307,'',0,'\0','Lit-Tmp-307',0,'tmp',NULL),(308,'',0,'\0','Lit-Tmp-308',0,'tmp',NULL),(309,'',0,'\0','Lit-Tmp-309',0,'tmp',NULL),(310,'',0,'\0','Lit-Tmp-310',0,'tmp',NULL),(311,'',0,'\0','Lit-Tmp-311',0,'tmp',NULL),(312,'',0,'\0','Lit-Tmp-312',0,'tmp',NULL),(313,'',0,'\0','Lit-Tmp-313',0,'tmp',NULL),(314,'',0,'\0','Lit-Tmp-314',0,'tmp',NULL),(315,'',0,'\0','Lit-Tmp-315',0,'tmp',NULL),(316,'',0,'\0','Lit-Tmp-316',0,'tmp',NULL),(317,'',0,'\0','Lit-Tmp-317',0,'tmp',NULL),(318,'',0,'\0','Lit-Tmp-318',0,'tmp',NULL),(319,'',0,'\0','Lit-Tmp-319',0,'tmp',NULL),(320,'',0,'\0','Lit-Tmp-320',0,'tmp',NULL),(321,'',0,'\0','Lit-Tmp-321',0,'tmp',NULL),(322,'',0,'\0','Lit-Tmp-322',0,'tmp',NULL),(323,'',0,'\0','Lit-Tmp-323',0,'tmp',NULL),(324,'',0,'\0','Lit-Tmp-324',0,'tmp',NULL),(325,'',0,'\0','Lit-Tmp-325',0,'tmp',NULL),(326,'',0,'\0','Lit-Tmp-326',0,'tmp',NULL),(327,'',0,'\0','Lit-Tmp-327',0,'tmp',NULL),(328,'',0,'\0','Lit-Tmp-328',0,'tmp',NULL),(329,'',0,'\0','Lit-Tmp-329',0,'tmp',NULL),(330,'',0,'\0','Lit-Tmp-330',0,'tmp',NULL),(331,'',0,'\0','Lit-Tmp-331',0,'tmp',NULL),(332,'',0,'\0','Lit-Tmp-332',0,'tmp',NULL),(333,'',0,'\0','Lit-Tmp-333',0,'tmp',NULL),(334,'',0,'\0','Lit-Tmp-334',0,'tmp',NULL),(335,'',0,'\0','Lit-Tmp-335',0,'tmp',NULL),(336,'',0,'\0','Lit-Tmp-336',0,'tmp',NULL),(337,'',0,'\0','Lit-Tmp-337',0,'tmp',NULL),(338,'',0,'\0','Lit-Tmp-338',0,'tmp',NULL),(339,'',0,'\0','Lit-Tmp-339',0,'tmp',NULL),(340,'',0,'\0','Lit-Tmp-340',0,'tmp',NULL),(341,'',0,'\0','Lit-Tmp-341',0,'tmp',NULL),(342,'',0,'\0','Lit-Tmp-342',0,'tmp',NULL),(343,'',0,'\0','Lit-Tmp-343',0,'tmp',NULL),(344,'',0,'\0','Lit-Tmp-344',0,'tmp',NULL),(345,'',0,'\0','Lit-Tmp-345',0,'tmp',NULL),(346,'',0,'\0','Lit-Tmp-346',0,'tmp',NULL),(347,'',0,'\0','Lit-Tmp-347',0,'tmp',NULL),(348,'',0,'\0','Lit-Tmp-348',0,'tmp',NULL),(349,'',0,'\0','Lit-Tmp-349',0,'tmp',NULL),(350,'',0,'\0','Lit-Tmp-350',0,'tmp',NULL),(351,'',0,'\0','Lit-Tmp-351',0,'tmp',NULL),(352,'',0,'\0','Lit-Tmp-352',0,'tmp',NULL),(353,'',0,'\0','Lit-Tmp-353',0,'tmp',NULL),(354,'',0,'\0','Lit-Tmp-354',0,'tmp',NULL),(355,'',0,'\0','Lit-Tmp-355',0,'tmp',NULL),(356,'',0,'\0','Lit-Tmp-356',0,'tmp',NULL),(357,'',0,'\0','Lit-Tmp-357',0,'tmp',NULL),(358,'',0,'\0','Lit-Tmp-358',0,'tmp',NULL),(359,'',0,'\0','Lit-Tmp-359',0,'tmp',NULL),(360,'',0,'\0','Lit-Tmp-360',0,'tmp',NULL),(361,'',0,'\0','Lit-Tmp-361',0,'tmp',NULL),(362,'',0,'\0','Lit-Tmp-362',0,'tmp',NULL),(363,'',0,'\0','Lit-Tmp-363',0,'tmp',NULL),(364,'',0,'\0','Lit-Tmp-364',0,'tmp',NULL),(365,'',0,'\0','Lit-Tmp-365',0,'tmp',NULL),(366,'',0,'\0','Lit-Tmp-366',0,'tmp',NULL),(367,'',0,'\0','Lit-Tmp-367',0,'tmp',NULL),(368,'',0,'\0','Lit-Tmp-368',0,'tmp',NULL),(369,'',0,'\0','Lit-Tmp-369',0,'tmp',NULL),(370,'',0,'\0','Lit-Tmp-370',0,'tmp',NULL),(371,'',0,'\0','Lit-Tmp-371',0,'tmp',NULL),(372,'',0,'\0','Lit-Tmp-372',0,'tmp',NULL),(373,'',0,'\0','Lit-Tmp-373',0,'tmp',NULL),(374,'',0,'\0','Lit-Tmp-374',0,'tmp',NULL),(375,'',0,'\0','Lit-Tmp-375',0,'tmp',NULL),(376,'',0,'\0','Lit-Tmp-376',0,'tmp',NULL),(377,'',0,'\0','Lit-Tmp-377',0,'tmp',NULL),(378,'',0,'\0','Lit-Tmp-378',0,'tmp',NULL),(379,'',0,'\0','Lit-Tmp-379',0,'tmp',NULL),(380,'',0,'\0','Lit-Tmp-380',0,'tmp',NULL),(381,'',0,'\0','Lit-Tmp-381',0,'tmp',NULL),(382,'',0,'\0','Lit-Tmp-382',0,'tmp',NULL),(383,'',0,'\0','Lit-Tmp-383',0,'tmp',NULL),(384,'',0,'\0','Lit-Tmp-384',0,'tmp',NULL),(385,'',0,'\0','Lit-Tmp-385',0,'tmp',NULL),(386,'',0,'\0','Lit-Tmp-386',0,'tmp',NULL),(387,'',0,'\0','Lit-Tmp-387',0,'tmp',NULL),(388,'',0,'\0','Lit-Tmp-388',0,'tmp',NULL),(389,'',0,'\0','Lit-Tmp-389',0,'tmp',NULL),(390,'',0,'\0','Lit-Tmp-390',0,'tmp',NULL),(391,'',0,'\0','Lit-Tmp-391',0,'tmp',NULL),(392,'',0,'\0','Lit-Tmp-392',0,'tmp',NULL),(393,'',0,'\0','Lit-Tmp-393',0,'tmp',NULL),(394,'',0,'\0','Lit-Tmp-394',0,'tmp',NULL),(395,'',0,'\0','Lit-Tmp-395',0,'tmp',NULL),(396,'',0,'\0','Lit-Tmp-396',0,'tmp',NULL),(397,'',0,'\0','Lit-Tmp-397',0,'tmp',NULL),(398,'',0,'\0','Lit-Tmp-398',0,'tmp',NULL),(399,'',0,'\0','Lit-Tmp-399',0,'tmp',NULL),(400,'',0,'\0','Lit-Tmp-400',0,'tmp',NULL),(401,'',0,'\0','Lit-Tmp-401',0,'tmp',NULL),(402,'',0,'\0','Lit-Tmp-402',0,'tmp',NULL),(403,'',0,'\0','Lit-Tmp-403',0,'tmp',NULL),(404,'',0,'\0','Lit-Tmp-404',0,'tmp',NULL),(405,'',0,'\0','Lit-Tmp-405',0,'tmp',NULL),(406,'',0,'\0','Lit-Tmp-406',0,'tmp',NULL),(407,'',0,'\0','Lit-Tmp-407',0,'tmp',NULL),(408,'',0,'\0','Lit-Tmp-408',0,'tmp',NULL),(409,'',0,'\0','Lit-Tmp-409',0,'tmp',NULL),(410,'',0,'\0','Lit-Tmp-410',0,'tmp',NULL),(411,'',0,'\0','Lit-Tmp-411',0,'tmp',NULL),(412,'',0,'\0','Lit-Tmp-412',0,'tmp',NULL),(413,'',0,'\0','Lit-Tmp-413',0,'tmp',NULL),(414,'',0,'\0','Lit-Tmp-414',0,'tmp',NULL),(415,'',0,'\0','Lit-Tmp-415',0,'tmp',NULL),(416,'',0,'\0','Lit-Tmp-416',0,'tmp',NULL),(417,'',0,'\0','Lit-Tmp-417',0,'tmp',NULL),(418,'',0,'\0','Lit-Tmp-418',0,'tmp',NULL),(419,'',0,'\0','Lit-Tmp-419',0,'tmp',NULL),(420,'',0,'\0','Lit-Tmp-420',0,'tmp',NULL),(421,'',0,'\0','Lit-Tmp-421',0,'tmp',NULL),(422,'',0,'\0','Lit-Tmp-422',0,'tmp',NULL),(423,'',0,'\0','Lit-Tmp-423',0,'tmp',NULL),(424,'',0,'\0','Lit-Tmp-424',0,'tmp',NULL),(425,'',0,'\0','Lit-Tmp-425',0,'tmp',NULL),(426,'',0,'\0','Lit-Tmp-426',0,'tmp',NULL),(427,'',0,'\0','Lit-Tmp-427',0,'tmp',NULL),(428,'',0,'\0','Lit-Tmp-428',0,'tmp',NULL),(429,'',0,'\0','Lit-Tmp-429',0,'tmp',NULL),(430,'',0,'\0','Lit-Tmp-430',0,'tmp',NULL),(431,'',0,'\0','Lit-Tmp-431',0,'tmp',NULL),(432,'',0,'\0','Lit-Tmp-432',0,'tmp',NULL),(433,'',0,'\0','Lit-Tmp-433',0,'tmp',NULL),(434,'',0,'\0','Lit-Tmp-434',0,'tmp',NULL),(435,'',0,'\0','Lit-Tmp-435',0,'tmp',NULL),(436,'',0,'\0','Lit-Tmp-436',0,'tmp',NULL),(437,'',0,'\0','Lit-Tmp-437',0,'tmp',NULL),(438,'',0,'\0','Lit-Tmp-438',0,'tmp',NULL),(439,'',0,'\0','Lit-Tmp-439',0,'tmp',NULL),(440,'',0,'\0','Lit-Tmp-440',0,'tmp',NULL),(441,'',0,'\0','Lit-Tmp-441',0,'tmp',NULL),(442,'',0,'\0','Lit-Tmp-442',0,'tmp',NULL),(443,'',0,'\0','Lit-Tmp-443',0,'tmp',NULL),(444,'',0,'\0','Lit-Tmp-444',0,'tmp',NULL),(445,'',0,'\0','Lit-Tmp-445',0,'tmp',NULL),(446,'',0,'\0','Lit-Tmp-446',0,'tmp',NULL),(447,'',0,'\0','Lit-Tmp-447',0,'tmp',NULL),(448,'',0,'\0','Lit-Tmp-448',0,'tmp',NULL),(449,'',0,'\0','Lit-Tmp-449',0,'tmp',NULL),(450,'',0,'\0','Lit-Tmp-450',0,'tmp',NULL),(451,'',0,'\0','Lit-Tmp-451',0,'tmp',NULL),(452,'',0,'\0','Lit-Tmp-452',0,'tmp',NULL),(453,'',0,'\0','Lit-Tmp-453',0,'tmp',NULL),(454,'',0,'\0','Lit-Tmp-454',0,'tmp',NULL),(455,'',0,'\0','Lit-Tmp-455',0,'tmp',NULL),(456,'',0,'\0','Lit-Tmp-456',0,'tmp',NULL),(457,'',0,'\0','Lit-Tmp-457',0,'tmp',NULL),(458,'',0,'\0','Lit-Tmp-458',0,'tmp',NULL),(459,'',0,'\0','Lit-Tmp-459',0,'tmp',NULL),(460,'',0,'\0','Lit-Tmp-460',0,'tmp',NULL),(461,'',0,'\0','Lit-Tmp-461',0,'tmp',NULL),(462,'',0,'\0','Lit-Tmp-462',0,'tmp',NULL),(463,'',0,'\0','Lit-Tmp-463',0,'tmp',NULL),(464,'',0,'\0','Lit-Tmp-464',0,'tmp',NULL),(465,'',0,'\0','Lit-Tmp-465',0,'tmp',NULL),(466,'',0,'\0','Lit-Tmp-466',0,'tmp',NULL),(467,'',0,'\0','Lit-Tmp-467',0,'tmp',NULL),(468,'',0,'\0','Lit-Tmp-468',0,'tmp',NULL),(469,'',0,'\0','Lit-Tmp-469',0,'tmp',NULL),(470,'',0,'\0','Lit-Tmp-470',0,'tmp',NULL),(471,'',0,'\0','Lit-Tmp-471',0,'tmp',NULL),(472,'',0,'\0','Lit-Tmp-472',0,'tmp',NULL),(473,'',0,'\0','Lit-Tmp-473',0,'tmp',NULL),(474,'',0,'\0','Lit-Tmp-474',0,'tmp',NULL),(475,'',0,'\0','Lit-Tmp-475',0,'tmp',NULL),(476,'',0,'\0','Lit-Tmp-476',0,'tmp',NULL),(477,'',0,'\0','Lit-Tmp-477',0,'tmp',NULL),(478,'',0,'\0','Lit-Tmp-478',0,'tmp',NULL),(479,'',0,'\0','Lit-Tmp-479',0,'tmp',NULL),(480,'',0,'\0','Lit-Tmp-480',0,'tmp',NULL),(481,'',0,'\0','Lit-Tmp-481',0,'tmp',NULL),(482,'',0,'\0','Lit-Tmp-482',0,'tmp',NULL),(483,'',0,'\0','Lit-Tmp-483',0,'tmp',NULL),(484,'',0,'\0','Lit-Tmp-484',0,'tmp',NULL),(485,'',0,'\0','Lit-Tmp-485',0,'tmp',NULL),(486,'',0,'\0','Lit-Tmp-486',0,'tmp',NULL),(487,'',0,'\0','Lit-Tmp-487',0,'tmp',NULL),(488,'',0,'\0','Lit-Tmp-488',0,'tmp',NULL),(489,'',0,'\0','Lit-Tmp-489',0,'tmp',NULL),(490,'',0,'\0','Lit-Tmp-490',0,'tmp',NULL),(491,'',0,'\0','Lit-Tmp-491',0,'tmp',NULL),(492,'',0,'\0','Lit-Tmp-492',0,'tmp',NULL),(493,'',0,'\0','Lit-Tmp-493',0,'tmp',NULL),(494,'',0,'\0','Lit-Tmp-494',0,'tmp',NULL),(495,'',0,'\0','Lit-Tmp-495',0,'tmp',NULL),(496,'',0,'\0','Lit-Tmp-496',0,'tmp',NULL),(497,'',0,'\0','Lit-Tmp-497',0,'tmp',NULL),(498,'',0,'\0','Lit-Tmp-498',0,'tmp',NULL),(499,'',0,'\0','Lit-Tmp-499',0,'tmp',NULL),(500,'',0,'\0','Lit-Tmp-500',0,'tmp',NULL),(501,'',0,'\0','Lit-Tmp-501',0,'tmp',NULL),(502,'',0,'\0','Lit-Tmp-502',0,'tmp',NULL),(503,'',0,'\0','Lit-Tmp-503',0,'tmp',NULL),(504,'',0,'\0','Lit-Tmp-504',0,'tmp',NULL),(505,'',0,'\0','Lit-Tmp-505',0,'tmp',NULL),(506,'',0,'\0','Lit-Tmp-506',0,'tmp',NULL),(507,'',0,'\0','Lit-Tmp-507',0,'tmp',NULL),(508,'',0,'\0','Lit-Tmp-508',0,'tmp',NULL),(509,'',0,'\0','Lit-Tmp-509',0,'tmp',NULL),(510,'',0,'\0','Lit-Tmp-510',0,'tmp',NULL),(511,'',0,'\0','Lit-Tmp-511',0,'tmp',NULL),(512,'',0,'\0','Lit-Tmp-512',0,'tmp',NULL),(513,'',0,'\0','Lit-Tmp-513',0,'tmp',NULL),(514,'',0,'\0','Lit-Tmp-514',0,'tmp',NULL),(515,'',0,'\0','Lit-Tmp-515',0,'tmp',NULL),(516,'',0,'\0','Lit-Tmp-516',0,'tmp',NULL),(517,'',0,'\0','Lit-Tmp-517',0,'tmp',NULL),(518,'',0,'\0','Lit-Tmp-518',0,'tmp',NULL),(519,'',0,'\0','Lit-Tmp-519',0,'tmp',NULL),(520,'',0,'\0','Lit-Tmp-520',0,'tmp',NULL),(521,'',0,'\0','Lit-Tmp-521',0,'tmp',NULL),(522,'',0,'\0','Lit-Tmp-522',0,'tmp',NULL),(523,'',0,'\0','Lit-Tmp-523',0,'tmp',NULL),(524,'',0,'\0','Lit-Tmp-524',0,'tmp',NULL),(525,'',0,'\0','Lit-Tmp-525',0,'tmp',NULL),(526,'',0,'\0','Lit-Tmp-526',0,'tmp',NULL),(527,'',0,'\0','Lit-Tmp-527',0,'tmp',NULL),(528,'',0,'\0','Lit-Tmp-528',0,'tmp',NULL),(529,'',0,'\0','Lit-Tmp-529',0,'tmp',NULL),(530,'',0,'\0','Lit-Tmp-530',0,'tmp',NULL),(531,'',0,'\0','Lit-Tmp-531',0,'tmp',NULL),(532,'',0,'\0','Lit-Tmp-532',0,'tmp',NULL),(533,'',0,'\0','Lit-Tmp-533',0,'tmp',NULL),(534,'',0,'\0','Lit-Tmp-534',0,'tmp',NULL),(535,'',0,'\0','Lit-Tmp-535',0,'tmp',NULL),(536,'',0,'\0','Lit-Tmp-536',0,'tmp',NULL),(537,'',0,'\0','Lit-Tmp-537',0,'tmp',NULL),(538,'',0,'\0','Lit-Tmp-538',0,'tmp',NULL),(539,'',0,'\0','Lit-Tmp-539',0,'tmp',NULL),(540,'',0,'\0','Lit-Tmp-540',0,'tmp',NULL),(541,'',0,'\0','Lit-Tmp-541',0,'tmp',NULL),(542,'',0,'\0','Lit-Tmp-542',0,'tmp',NULL),(543,'',0,'\0','Lit-Tmp-543',0,'tmp',NULL),(544,'',0,'\0','Lit-Tmp-544',0,'tmp',NULL),(545,'',0,'\0','Lit-Tmp-545',0,'tmp',NULL),(546,'',0,'\0','Lit-Tmp-546',0,'tmp',NULL),(547,'',0,'\0','Lit-Tmp-547',0,'tmp',NULL),(548,'',0,'\0','Lit-Tmp-548',0,'tmp',NULL),(549,'',0,'\0','Lit-Tmp-549',0,'tmp',NULL),(550,'',0,'\0','Lit-Tmp-550',0,'tmp',NULL),(551,'',0,'\0','Lit-Tmp-551',0,'tmp',NULL),(552,'',0,'\0','Lit-Tmp-552',0,'tmp',NULL),(553,'',0,'\0','Lit-Tmp-553',0,'tmp',NULL),(554,'',0,'\0','Lit-Tmp-554',0,'tmp',NULL),(555,'',0,'\0','Lit-Tmp-555',0,'tmp',NULL),(556,'',0,'\0','Lit-Tmp-556',0,'tmp',NULL),(557,'',0,'\0','Lit-Tmp-557',0,'tmp',NULL),(558,'',0,'\0','Lit-Tmp-558',0,'tmp',NULL),(559,'',0,'\0','Lit-Tmp-559',0,'tmp',NULL),(560,'',0,'\0','Lit-Tmp-560',0,'tmp',NULL),(561,'',0,'\0','Lit-Tmp-561',0,'tmp',NULL),(562,'',0,'\0','Lit-Tmp-562',0,'tmp',NULL),(563,'',0,'\0','Lit-Tmp-563',0,'tmp',NULL),(564,'',0,'\0','Lit-Tmp-564',0,'tmp',NULL),(565,'',0,'\0','Lit-Tmp-565',0,'tmp',NULL),(566,'',0,'\0','Lit-Tmp-566',0,'tmp',NULL),(567,'',0,'\0','Lit-Tmp-567',0,'tmp',NULL),(568,'',0,'\0','Lit-Tmp-568',0,'tmp',NULL),(569,'',0,'\0','Lit-Tmp-569',0,'tmp',NULL),(570,'',0,'\0','Lit-Tmp-570',0,'tmp',NULL),(571,'',0,'\0','Lit-Tmp-571',0,'tmp',NULL),(572,'',0,'\0','Lit-Tmp-572',0,'tmp',NULL),(573,'',0,'\0','Lit-Tmp-573',0,'tmp',NULL),(574,'',0,'\0','Lit-Tmp-574',0,'tmp',NULL),(575,'',0,'\0','Lit-Tmp-575',0,'tmp',NULL),(576,'',0,'\0','Lit-Tmp-576',0,'tmp',NULL),(577,'',0,'\0','Lit-Tmp-577',0,'tmp',NULL),(578,'',0,'\0','Lit-Tmp-578',0,'tmp',NULL),(579,'',0,'\0','Lit-Tmp-579',0,'tmp',NULL),(580,'',0,'\0','Lit-Tmp-580',0,'tmp',NULL),(581,'',0,'\0','Lit-Tmp-581',0,'tmp',NULL),(582,'',0,'\0','Lit-Tmp-582',0,'tmp',NULL),(583,'',0,'\0','Lit-Tmp-583',0,'tmp',NULL),(584,'',0,'\0','Lit-Tmp-584',0,'tmp',NULL),(585,'',0,'\0','Lit-Tmp-585',0,'tmp',NULL),(586,'',0,'\0','Lit-Tmp-586',0,'tmp',NULL),(587,'',0,'\0','Lit-Tmp-587',0,'tmp',NULL),(588,'',0,'\0','Lit-Tmp-588',0,'tmp',NULL),(589,'',0,'\0','Lit-Tmp-589',0,'tmp',NULL),(590,'',0,'\0','Lit-Tmp-590',0,'tmp',NULL),(591,'',0,'\0','Lit-Tmp-591',0,'tmp',NULL),(592,'',0,'\0','Lit-Tmp-592',0,'tmp',NULL),(593,'',0,'\0','Lit-Tmp-593',0,'tmp',NULL),(594,'',0,'\0','Lit-Tmp-594',0,'tmp',NULL),(595,'',0,'\0','Lit-Tmp-595',0,'tmp',NULL),(596,'',0,'\0','Lit-Tmp-596',0,'tmp',NULL),(597,'',0,'\0','Lit-Tmp-597',0,'tmp',NULL),(598,'',0,'\0','Lit-Tmp-598',0,'tmp',NULL),(599,'',0,'\0','Lit-Tmp-599',0,'tmp',NULL),(600,'',0,'\0','Lit-Tmp-600',0,'tmp',NULL),(601,'',0,'\0','Lit-Tmp-601',0,'tmp',NULL),(602,'',0,'\0','Lit-Tmp-602',0,'tmp',NULL),(603,'',0,'\0','Lit-Tmp-603',0,'tmp',NULL),(604,'',0,'\0','Lit-Tmp-604',0,'tmp',NULL),(605,'',0,'\0','Lit-Tmp-605',0,'tmp',NULL),(606,'',0,'\0','Lit-Tmp-606',0,'tmp',NULL),(607,'',0,'\0','Lit-Tmp-607',0,'tmp',NULL),(608,'',0,'\0','Lit-Tmp-608',0,'tmp',NULL),(609,'',0,'\0','Lit-Tmp-609',0,'tmp',NULL),(610,'',0,'\0','Lit-Tmp-610',0,'tmp',NULL),(611,'',0,'\0','Lit-Tmp-611',0,'tmp',NULL),(612,'',0,'\0','Lit-Tmp-612',0,'tmp',NULL),(613,'',0,'\0','Lit-Tmp-613',0,'tmp',NULL),(614,'',0,'\0','Lit-Tmp-614',0,'tmp',NULL),(615,'',0,'\0','Lit-Tmp-615',0,'tmp',NULL),(616,'',0,'\0','Lit-Tmp-616',0,'tmp',NULL),(617,'',0,'\0','Lit-Tmp-617',0,'tmp',NULL),(618,'',0,'\0','Lit-Tmp-618',0,'tmp',NULL),(619,'',0,'\0','Lit-Tmp-619',0,'tmp',NULL),(620,'',0,'\0','Lit-Tmp-620',0,'tmp',NULL),(621,'',0,'\0','Lit-Tmp-621',0,'tmp',NULL),(622,'',0,'\0','Lit-Tmp-622',0,'tmp',NULL),(623,'',0,'\0','Lit-Tmp-623',0,'tmp',NULL),(624,'',0,'\0','Lit-Tmp-624',0,'tmp',NULL),(625,'',0,'\0','Lit-Tmp-625',0,'tmp',NULL),(626,'',0,'\0','Lit-Tmp-626',0,'tmp',NULL),(627,'',0,'\0','Lit-Tmp-627',0,'tmp',NULL),(628,'',0,'\0','Lit-Tmp-628',0,'tmp',NULL),(629,'',0,'\0','Lit-Tmp-629',0,'tmp',NULL),(630,'',0,'\0','Lit-Tmp-630',0,'tmp',NULL),(631,'',0,'\0','Lit-Tmp-631',0,'tmp',NULL),(632,'',0,'\0','Lit-Tmp-632',0,'tmp',NULL),(633,'',0,'\0','Lit-Tmp-633',0,'tmp',NULL),(634,'',0,'\0','Lit-Tmp-634',0,'tmp',NULL),(635,'',0,'\0','Lit-Tmp-635',0,'tmp',NULL),(636,'',0,'\0','Lit-Tmp-636',0,'tmp',NULL),(637,'',0,'\0','Lit-Tmp-637',0,'tmp',NULL),(638,'',0,'\0','Lit-Tmp-638',0,'tmp',NULL),(639,'',0,'\0','Lit-Tmp-639',0,'tmp',NULL),(640,'',0,'\0','Lit-Tmp-640',0,'tmp',NULL),(641,'',0,'\0','Lit-Tmp-641',0,'tmp',NULL),(642,'',0,'\0','Lit-Tmp-642',0,'tmp',NULL),(643,'',0,'\0','Lit-Tmp-643',0,'tmp',NULL),(644,'',0,'\0','Lit-Tmp-644',0,'tmp',NULL),(645,'',0,'\0','Lit-Tmp-645',0,'tmp',NULL),(646,'',0,'\0','Lit-Tmp-646',0,'tmp',NULL),(647,'',0,'\0','Lit-Tmp-647',0,'tmp',NULL),(648,'',0,'\0','Lit-Tmp-648',0,'tmp',NULL),(649,'',0,'\0','Lit-Tmp-649',0,'tmp',NULL),(650,'',0,'\0','Lit-Tmp-650',0,'tmp',NULL),(651,'',0,'\0','Lit-Tmp-651',0,'tmp',NULL),(652,'',0,'\0','Lit-Tmp-652',0,'tmp',NULL),(653,'',0,'\0','Lit-Tmp-653',0,'tmp',NULL),(654,'',0,'\0','Lit-Tmp-654',0,'tmp',NULL),(655,'',0,'\0','Lit-Tmp-655',0,'tmp',NULL),(656,'',0,'\0','Lit-Tmp-656',0,'tmp',NULL),(657,'',0,'\0','Lit-Tmp-657',0,'tmp',NULL),(658,'',0,'\0','Lit-Tmp-658',0,'tmp',NULL),(659,'',0,'\0','Lit-Tmp-659',0,'tmp',NULL),(660,'',0,'\0','Lit-Tmp-660',0,'tmp',NULL),(661,'',0,'\0','Lit-Tmp-661',0,'tmp',NULL),(662,'',0,'\0','Lit-Tmp-662',0,'tmp',NULL),(663,'',0,'\0','Lit-Tmp-663',0,'tmp',NULL),(664,'',0,'\0','Lit-Tmp-664',0,'tmp',NULL),(665,'',0,'\0','Lit-Tmp-665',0,'tmp',NULL),(666,'',0,'\0','Lit-Tmp-666',0,'tmp',NULL),(667,'',0,'\0','Lit-Tmp-667',0,'tmp',NULL),(668,'',0,'\0','Lit-Tmp-668',0,'tmp',NULL),(669,'',0,'\0','Lit-Tmp-669',0,'tmp',NULL),(670,'',0,'\0','Lit-Tmp-670',0,'tmp',NULL),(671,'',0,'\0','Lit-Tmp-671',0,'tmp',NULL),(672,'',0,'\0','Lit-Tmp-672',0,'tmp',NULL),(673,'',0,'\0','Lit-Tmp-673',0,'tmp',NULL),(674,'',0,'\0','Lit-Tmp-674',0,'tmp',NULL),(675,'',0,'\0','Lit-Tmp-675',0,'tmp',NULL),(676,'',0,'\0','Lit-Tmp-676',0,'tmp',NULL),(677,'',0,'\0','Lit-Tmp-677',0,'tmp',NULL),(678,'',0,'\0','Lit-Tmp-678',0,'tmp',NULL),(679,'',0,'\0','Lit-Tmp-679',0,'tmp',NULL),(680,'',0,'\0','Lit-Tmp-680',0,'tmp',NULL),(681,'',0,'\0','Lit-Tmp-681',0,'tmp',NULL),(682,'',0,'\0','Lit-Tmp-682',0,'tmp',NULL),(683,'',0,'\0','Lit-Tmp-683',0,'tmp',NULL),(684,'',0,'\0','Lit-Tmp-684',0,'tmp',NULL),(685,'',0,'\0','Lit-Tmp-685',0,'tmp',NULL),(686,'',0,'\0','Lit-Tmp-686',0,'tmp',NULL),(687,'',0,'\0','Lit-Tmp-687',0,'tmp',NULL),(688,'',0,'\0','Lit-Tmp-688',0,'tmp',NULL),(689,'',0,'\0','Lit-Tmp-689',0,'tmp',NULL),(690,'',0,'\0','Lit-Tmp-690',0,'tmp',NULL),(691,'',0,'\0','Lit-Tmp-691',0,'tmp',NULL),(692,'',0,'\0','Lit-Tmp-692',0,'tmp',NULL),(693,'',0,'\0','Lit-Tmp-693',0,'tmp',NULL),(694,'',0,'\0','Lit-Tmp-694',0,'tmp',NULL),(695,'',0,'\0','Lit-Tmp-695',0,'tmp',NULL),(696,'',0,'\0','Lit-Tmp-696',0,'tmp',NULL),(697,'',0,'\0','Lit-Tmp-697',0,'tmp',NULL),(698,'',0,'\0','Lit-Tmp-698',0,'tmp',NULL),(699,'',0,'\0','Lit-Tmp-699',0,'tmp',NULL),(700,'',0,'\0','Lit-Tmp-700',0,'tmp',NULL),(701,'',0,'\0','Lit-Tmp-701',0,'tmp',NULL),(702,'',0,'\0','Lit-Tmp-702',0,'tmp',NULL),(703,'',0,'\0','Lit-Tmp-703',0,'tmp',NULL),(704,'',0,'\0','Lit-Tmp-704',0,'tmp',NULL),(705,'',0,'\0','Lit-Tmp-705',0,'tmp',NULL),(706,'',0,'\0','Lit-Tmp-706',0,'tmp',NULL),(707,'',0,'\0','Lit-Tmp-707',0,'tmp',NULL),(708,'',0,'\0','Lit-Tmp-708',0,'tmp',NULL),(709,'',0,'\0','Lit-Tmp-709',0,'tmp',NULL),(710,'',0,'\0','Lit-Tmp-710',0,'tmp',NULL),(711,'',0,'\0','Lit-Tmp-711',0,'tmp',NULL),(712,'',0,'\0','Lit-Tmp-712',0,'tmp',NULL),(713,'',0,'\0','Lit-Tmp-713',0,'tmp',NULL),(714,'',0,'\0','Lit-Tmp-714',0,'tmp',NULL),(715,'',0,'\0','Lit-Tmp-715',0,'tmp',NULL),(716,'',0,'\0','Lit-Tmp-716',0,'tmp',NULL),(717,'',0,'\0','Lit-Tmp-717',0,'tmp',NULL),(718,'',0,'\0','Lit-Tmp-718',0,'tmp',NULL),(719,'',0,'\0','Lit-Tmp-719',0,'tmp',NULL),(720,'',0,'\0','Lit-Tmp-720',0,'tmp',NULL),(721,'',0,'\0','Lit-Tmp-721',0,'tmp',NULL),(722,'',0,'\0','Lit-Tmp-722',0,'tmp',NULL),(723,'',0,'\0','Lit-Tmp-723',0,'tmp',NULL),(724,'',0,'\0','Lit-Tmp-724',0,'tmp',NULL),(725,'',0,'\0','Lit-Tmp-725',0,'tmp',NULL),(726,'',0,'\0','Lit-Tmp-726',0,'tmp',NULL),(727,'',0,'\0','Lit-Tmp-727',0,'tmp',NULL),(728,'',0,'\0','Lit-Tmp-728',0,'tmp',NULL),(729,'',0,'\0','Lit-Tmp-729',0,'tmp',NULL),(730,'',0,'\0','Lit-Tmp-730',0,'tmp',NULL),(731,'',0,'\0','Lit-Tmp-731',0,'tmp',NULL),(732,'',0,'\0','Lit-Tmp-732',0,'tmp',NULL),(733,'',0,'\0','Lit-Tmp-733',0,'tmp',NULL),(734,'',0,'\0','Lit-Tmp-734',0,'tmp',NULL),(735,'',0,'\0','Lit-Tmp-735',0,'tmp',NULL),(736,'',0,'\0','Lit-Tmp-736',0,'tmp',NULL),(737,'',0,'\0','Lit-Tmp-737',0,'tmp',NULL),(738,'',0,'\0','Lit-Tmp-738',0,'tmp',NULL),(739,'',0,'\0','Lit-Tmp-739',0,'tmp',NULL),(740,'',0,'\0','Lit-Tmp-740',0,'tmp',NULL),(741,'',0,'\0','Lit-Tmp-741',0,'tmp',NULL),(742,'',0,'\0','Lit-Tmp-742',0,'tmp',NULL),(743,'',0,'\0','Lit-Tmp-743',0,'tmp',NULL),(744,'',0,'\0','Lit-Tmp-744',0,'tmp',NULL),(745,'',0,'\0','Lit-Tmp-745',0,'tmp',NULL),(746,'',0,'\0','Lit-Tmp-746',0,'tmp',NULL),(747,'',0,'\0','Lit-Tmp-747',0,'tmp',NULL),(748,'',0,'\0','Lit-Tmp-748',0,'tmp',NULL),(749,'',0,'\0','Lit-Tmp-749',0,'tmp',NULL),(750,'',0,'\0','Lit-Tmp-750',0,'tmp',NULL),(751,'',0,'\0','Lit-Tmp-751',0,'tmp',NULL),(752,'',0,'\0','Lit-Tmp-752',0,'tmp',NULL),(753,'',0,'\0','Lit-Tmp-753',0,'tmp',NULL),(754,'',0,'\0','Lit-Tmp-754',0,'tmp',NULL),(755,'',0,'\0','Lit-Tmp-755',0,'tmp',NULL),(756,'',0,'\0','Lit-Tmp-756',0,'tmp',NULL),(757,'',0,'\0','Lit-Tmp-757',0,'tmp',NULL),(758,'',0,'\0','Lit-Tmp-758',0,'tmp',NULL),(759,'',0,'\0','Lit-Tmp-759',0,'tmp',NULL),(760,'',0,'\0','Lit-Tmp-760',0,'tmp',NULL),(761,'',0,'\0','Lit-Tmp-761',0,'tmp',NULL),(762,'',0,'\0','Lit-Tmp-762',0,'tmp',NULL),(763,'',0,'\0','Lit-Tmp-763',0,'tmp',NULL),(764,'',0,'\0','Lit-Tmp-764',0,'tmp',NULL),(765,'',0,'\0','Lit-Tmp-765',0,'tmp',NULL),(766,'',0,'\0','Lit-Tmp-766',0,'tmp',NULL),(767,'',0,'\0','Lit-Tmp-767',0,'tmp',NULL),(768,'',0,'\0','Lit-Tmp-768',0,'tmp',NULL),(769,'',0,'\0','Lit-Tmp-769',0,'tmp',NULL),(770,'',0,'\0','Lit-Tmp-770',0,'tmp',NULL),(771,'',0,'\0','Lit-Tmp-771',0,'tmp',NULL),(772,'',0,'\0','Lit-Tmp-772',0,'tmp',NULL),(773,'',0,'\0','Lit-Tmp-773',0,'tmp',NULL),(774,'',0,'\0','Lit-Tmp-774',0,'tmp',NULL),(775,'',0,'\0','Lit-Tmp-775',0,'tmp',NULL),(776,'',0,'\0','Lit-Tmp-776',0,'tmp',NULL),(777,'',0,'\0','Lit-Tmp-777',0,'tmp',NULL),(778,'',0,'\0','Lit-Tmp-778',0,'tmp',NULL),(779,'',0,'\0','Lit-Tmp-779',0,'tmp',NULL),(780,'',0,'\0','Lit-Tmp-780',0,'tmp',NULL),(781,'',0,'\0','Lit-Tmp-781',0,'tmp',NULL),(782,'',0,'\0','Lit-Tmp-782',0,'tmp',NULL),(783,'',0,'\0','Lit-Tmp-783',0,'tmp',NULL),(784,'',0,'\0','Lit-Tmp-784',0,'tmp',NULL),(785,'',0,'\0','Lit-Tmp-785',0,'tmp',NULL),(786,'',0,'\0','Lit-Tmp-786',0,'tmp',NULL),(787,'',0,'\0','Lit-Tmp-787',0,'tmp',NULL),(788,'',0,'\0','Lit-Tmp-788',0,'tmp',NULL),(789,'',0,'\0','Lit-Tmp-789',0,'tmp',NULL),(790,'',0,'\0','Lit-Tmp-790',0,'tmp',NULL),(791,'',0,'\0','Lit-Tmp-791',0,'tmp',NULL),(792,'',0,'\0','Lit-Tmp-792',0,'tmp',NULL),(793,'',0,'\0','Lit-Tmp-793',0,'tmp',NULL),(794,'',0,'\0','Lit-Tmp-794',0,'tmp',NULL),(795,'',0,'\0','Lit-Tmp-795',0,'tmp',NULL),(796,'',0,'\0','Lit-Tmp-796',0,'tmp',NULL),(797,'',0,'\0','Lit-Tmp-797',0,'tmp',NULL),(798,'',0,'\0','Lit-Tmp-798',0,'tmp',NULL),(799,'',0,'\0','Lit-Tmp-799',0,'tmp',NULL),(800,'',0,'\0','Lit-Tmp-800',0,'tmp',NULL),(801,'',0,'\0','Lit-Tmp-801',0,'tmp',NULL),(802,'',0,'\0','Lit-Tmp-802',0,'tmp',NULL),(803,'',0,'\0','Lit-Tmp-803',0,'tmp',NULL),(804,'',0,'\0','Lit-Tmp-804',0,'tmp',NULL),(805,'',0,'\0','Lit-Tmp-805',0,'tmp',NULL),(806,'',0,'\0','Lit-Tmp-806',0,'tmp',NULL),(807,'',0,'\0','Lit-Tmp-807',0,'tmp',NULL),(808,'',0,'\0','Lit-Tmp-808',0,'tmp',NULL),(809,'',0,'\0','Lit-Tmp-809',0,'tmp',NULL),(810,'',0,'\0','Lit-Tmp-810',0,'tmp',NULL),(811,'',0,'\0','Lit-Tmp-811',0,'tmp',NULL),(812,'',0,'\0','Lit-Tmp-812',0,'tmp',NULL),(813,'',0,'\0','Lit-Tmp-813',0,'tmp',NULL),(814,'',0,'\0','Lit-Tmp-814',0,'tmp',NULL),(815,'',0,'\0','Lit-Tmp-815',0,'tmp',NULL),(816,'',0,'\0','Lit-Tmp-816',0,'tmp',NULL),(817,'',0,'\0','Lit-Tmp-817',0,'tmp',NULL),(818,'',0,'\0','Lit-Tmp-818',0,'tmp',NULL),(819,'',0,'\0','Lit-Tmp-819',0,'tmp',NULL),(820,'',0,'\0','Lit-Tmp-820',0,'tmp',NULL),(821,'',0,'\0','Lit-Tmp-821',0,'tmp',NULL),(822,'',0,'\0','Lit-Tmp-822',0,'tmp',NULL),(823,'',0,'\0','Lit-Tmp-823',0,'tmp',NULL),(824,'',0,'\0','Lit-Tmp-824',0,'tmp',NULL),(825,'',0,'\0','Lit-Tmp-825',0,'tmp',NULL),(826,'',0,'\0','Lit-Tmp-826',0,'tmp',NULL),(827,'',0,'\0','Lit-Tmp-827',0,'tmp',NULL),(828,'',0,'\0','Lit-Tmp-828',0,'tmp',NULL),(829,'',0,'\0','Lit-Tmp-829',0,'tmp',NULL),(830,'',0,'\0','Lit-Tmp-830',0,'tmp',NULL),(831,'',0,'\0','Lit-Tmp-831',0,'tmp',NULL),(832,'',0,'\0','Lit-Tmp-832',0,'tmp',NULL),(833,'',0,'\0','Lit-Tmp-833',0,'tmp',NULL),(834,'',0,'\0','Lit-Tmp-834',0,'tmp',NULL),(835,'',0,'\0','Lit-Tmp-835',0,'tmp',NULL),(836,'',0,'\0','Lit-Tmp-836',0,'tmp',NULL),(837,'',0,'\0','Lit-Tmp-837',0,'tmp',NULL),(838,'',0,'\0','Lit-Tmp-838',0,'tmp',NULL),(839,'',0,'\0','Lit-Tmp-839',0,'tmp',NULL),(840,'',0,'\0','Lit-Tmp-840',0,'tmp',NULL),(841,'',0,'\0','Lit-Tmp-841',0,'tmp',NULL),(842,'',0,'\0','Lit-Tmp-842',0,'tmp',NULL),(843,'',0,'\0','Lit-Tmp-843',0,'tmp',NULL),(844,'',0,'\0','Lit-Tmp-844',0,'tmp',NULL),(845,'',0,'\0','Lit-Tmp-845',0,'tmp',NULL),(846,'',0,'\0','Lit-Tmp-846',0,'tmp',NULL),(847,'',0,'\0','Lit-Tmp-847',0,'tmp',NULL),(848,'',0,'\0','Lit-Tmp-848',0,'tmp',NULL),(849,'',0,'\0','Lit-Tmp-849',0,'tmp',NULL),(850,'',0,'\0','Lit-Tmp-850',0,'tmp',NULL),(851,'',0,'\0','Lit-Tmp-851',0,'tmp',NULL),(852,'',0,'\0','Lit-Tmp-852',0,'tmp',NULL),(853,'',0,'\0','Lit-Tmp-853',0,'tmp',NULL),(854,'',0,'\0','Lit-Tmp-854',0,'tmp',NULL),(855,'',0,'\0','Lit-Tmp-855',0,'tmp',NULL),(856,'',0,'\0','Lit-Tmp-856',0,'tmp',NULL),(857,'',0,'\0','Lit-Tmp-857',0,'tmp',NULL),(858,'',0,'\0','Lit-Tmp-858',0,'tmp',NULL),(859,'',0,'\0','Lit-Tmp-859',0,'tmp',NULL),(860,'',0,'\0','Lit-Tmp-860',0,'tmp',NULL),(861,'',0,'\0','Lit-Tmp-861',0,'tmp',NULL),(862,'',0,'\0','Lit-Tmp-862',0,'tmp',NULL),(863,'',0,'\0','Lit-Tmp-863',0,'tmp',NULL),(864,'',0,'\0','Lit-Tmp-864',0,'tmp',NULL),(865,'',0,'\0','Lit-Tmp-865',0,'tmp',NULL),(866,'',0,'\0','Lit-Tmp-866',0,'tmp',NULL),(867,'',0,'\0','Lit-Tmp-867',0,'tmp',NULL),(868,'',0,'\0','Lit-Tmp-868',0,'tmp',NULL),(869,'',0,'\0','Lit-Tmp-869',0,'tmp',NULL),(870,'',0,'\0','Lit-Tmp-870',0,'tmp',NULL),(871,'',0,'\0','Lit-Tmp-871',0,'tmp',NULL),(872,'',0,'\0','Lit-Tmp-872',0,'tmp',NULL),(873,'',0,'\0','Lit-Tmp-873',0,'tmp',NULL),(874,'',0,'\0','Lit-Tmp-874',0,'tmp',NULL),(875,'',0,'\0','Lit-Tmp-875',0,'tmp',NULL),(876,'',0,'\0','Lit-Tmp-876',0,'tmp',NULL),(877,'',0,'\0','Lit-Tmp-877',0,'tmp',NULL),(878,'',0,'\0','Lit-Tmp-878',0,'tmp',NULL),(879,'',0,'\0','Lit-Tmp-879',0,'tmp',NULL),(880,'',0,'\0','Lit-Tmp-880',0,'tmp',NULL),(881,'',0,'\0','Lit-Tmp-881',0,'tmp',NULL),(882,'',0,'\0','Lit-Tmp-882',0,'tmp',NULL),(883,'',0,'\0','Lit-Tmp-883',0,'tmp',NULL),(884,'',0,'\0','Lit-Tmp-884',0,'tmp',NULL),(885,'',0,'\0','Lit-Tmp-885',0,'tmp',NULL),(886,'',0,'\0','Lit-Tmp-886',0,'tmp',NULL),(887,'',0,'\0','Lit-Tmp-887',0,'tmp',NULL),(888,'',0,'\0','Lit-Tmp-888',0,'tmp',NULL),(889,'',0,'\0','Lit-Tmp-889',0,'tmp',NULL),(890,'',0,'\0','Lit-Tmp-890',0,'tmp',NULL),(891,'',0,'\0','Lit-Tmp-891',0,'tmp',NULL),(892,'',0,'\0','Lit-Tmp-892',0,'tmp',NULL),(893,'',0,'\0','Lit-Tmp-893',0,'tmp',NULL),(894,'',0,'\0','Lit-Tmp-894',0,'tmp',NULL),(895,'',0,'\0','Lit-Tmp-895',0,'tmp',NULL),(896,'',0,'\0','Lit-Tmp-896',0,'tmp',NULL),(897,'',0,'\0','Lit-Tmp-897',0,'tmp',NULL),(898,'',0,'\0','Lit-Tmp-898',0,'tmp',NULL),(899,'',0,'\0','Lit-Tmp-899',0,'tmp',NULL),(900,'',0,'\0','Lit-Tmp-900',0,'tmp',NULL),(901,'',0,'\0','Lit-Tmp-901',0,'tmp',NULL),(902,'',0,'\0','Lit-Tmp-902',0,'tmp',NULL),(903,'',0,'\0','Lit-Tmp-903',0,'tmp',NULL),(904,'',0,'\0','Lit-Tmp-904',0,'tmp',NULL),(905,'',0,'\0','Lit-Tmp-905',0,'tmp',NULL),(906,'',0,'\0','Lit-Tmp-906',0,'tmp',NULL),(907,'',0,'\0','Lit-Tmp-907',0,'tmp',NULL),(908,'',0,'\0','Lit-Tmp-908',0,'tmp',NULL),(909,'',0,'\0','Lit-Tmp-909',0,'tmp',NULL),(910,'',0,'\0','Lit-Tmp-910',0,'tmp',NULL),(911,'',0,'\0','Lit-Tmp-911',0,'tmp',NULL),(912,'',0,'\0','Lit-Tmp-912',0,'tmp',NULL),(913,'',0,'\0','Lit-Tmp-913',0,'tmp',NULL),(914,'',0,'\0','Lit-Tmp-914',0,'tmp',NULL),(915,'',0,'\0','Lit-Tmp-915',0,'tmp',NULL),(916,'',0,'\0','Lit-Tmp-916',0,'tmp',NULL),(917,'',0,'\0','Lit-Tmp-917',0,'tmp',NULL),(918,'',0,'\0','Lit-Tmp-918',0,'tmp',NULL),(919,'',0,'\0','Lit-Tmp-919',0,'tmp',NULL),(920,'',0,'\0','Lit-Tmp-920',0,'tmp',NULL),(921,'',0,'\0','Lit-Tmp-921',0,'tmp',NULL),(922,'',0,'\0','Lit-Tmp-922',0,'tmp',NULL),(923,'',0,'\0','Lit-Tmp-923',0,'tmp',NULL),(924,'',0,'\0','Lit-Tmp-924',0,'tmp',NULL),(925,'',0,'\0','Lit-Tmp-925',0,'tmp',NULL),(926,'',0,'\0','Lit-Tmp-926',0,'tmp',NULL),(927,'',0,'\0','Lit-Tmp-927',0,'tmp',NULL),(928,'',0,'\0','Lit-Tmp-928',0,'tmp',NULL),(929,'',0,'\0','Lit-Tmp-929',0,'tmp',NULL),(930,'',0,'\0','Lit-Tmp-930',0,'tmp',NULL),(931,'',0,'\0','Lit-Tmp-931',0,'tmp',NULL),(932,'',0,'\0','Lit-Tmp-932',0,'tmp',NULL),(933,'',0,'\0','Lit-Tmp-933',0,'tmp',NULL),(934,'',0,'\0','Lit-Tmp-934',0,'tmp',NULL),(935,'',0,'\0','Lit-Tmp-935',0,'tmp',NULL),(936,'',0,'\0','Lit-Tmp-936',0,'tmp',NULL),(937,'',0,'\0','Lit-Tmp-937',0,'tmp',NULL),(938,'',0,'\0','Lit-Tmp-938',0,'tmp',NULL),(939,'',0,'\0','Lit-Tmp-939',0,'tmp',NULL),(940,'',0,'\0','Lit-Tmp-940',0,'tmp',NULL),(941,'',0,'\0','Lit-Tmp-941',0,'tmp',NULL),(942,'',0,'\0','Lit-Tmp-942',0,'tmp',NULL),(943,'',0,'\0','Lit-Tmp-943',0,'tmp',NULL),(944,'',0,'\0','Lit-Tmp-944',0,'tmp',NULL),(945,'',0,'\0','Lit-Tmp-945',0,'tmp',NULL),(946,'',0,'\0','Lit-Tmp-946',0,'tmp',NULL),(947,'',0,'\0','Lit-Tmp-947',0,'tmp',NULL),(948,'',0,'\0','Lit-Tmp-948',0,'tmp',NULL),(949,'',0,'\0','Lit-Tmp-949',0,'tmp',NULL),(950,'',0,'\0','Lit-Tmp-950',0,'tmp',NULL),(951,'',0,'\0','Lit-Tmp-951',0,'tmp',NULL),(952,'',0,'\0','Lit-Tmp-952',0,'tmp',NULL),(953,'',0,'\0','Lit-Tmp-953',0,'tmp',NULL),(954,'',0,'\0','Lit-Tmp-954',0,'tmp',NULL),(955,'',0,'\0','Lit-Tmp-955',0,'tmp',NULL),(956,'',0,'\0','Lit-Tmp-956',0,'tmp',NULL),(957,'',0,'\0','Lit-Tmp-957',0,'tmp',NULL),(958,'',0,'\0','Lit-Tmp-958',0,'tmp',NULL),(959,'',0,'\0','Lit-Tmp-959',0,'tmp',NULL),(960,'',0,'\0','Lit-Tmp-960',0,'tmp',NULL),(961,'',0,'\0','Lit-Tmp-961',0,'tmp',NULL),(962,'',0,'\0','Lit-Tmp-962',0,'tmp',NULL),(963,'',0,'\0','Lit-Tmp-963',0,'tmp',NULL),(964,'',0,'\0','Lit-Tmp-964',0,'tmp',NULL),(965,'',0,'\0','Lit-Tmp-965',0,'tmp',NULL),(966,'',0,'\0','Lit-Tmp-966',0,'tmp',NULL),(967,'',0,'\0','Lit-Tmp-967',0,'tmp',NULL),(968,'',0,'\0','Lit-Tmp-968',0,'tmp',NULL),(969,'',0,'\0','Lit-Tmp-969',0,'tmp',NULL),(970,'',0,'\0','Lit-Tmp-970',0,'tmp',NULL),(971,'',0,'\0','Lit-Tmp-971',0,'tmp',NULL),(972,'',0,'\0','Lit-Tmp-972',0,'tmp',NULL),(973,'',0,'\0','Lit-Tmp-973',0,'tmp',NULL),(974,'',0,'\0','Lit-Tmp-974',0,'tmp',NULL),(975,'',0,'\0','Lit-Tmp-975',0,'tmp',NULL),(976,'',0,'\0','Lit-Tmp-976',0,'tmp',NULL),(977,'',0,'\0','Lit-Tmp-977',0,'tmp',NULL),(978,'',0,'\0','Lit-Tmp-978',0,'tmp',NULL),(979,'',0,'\0','Lit-Tmp-979',0,'tmp',NULL),(980,'',0,'\0','Lit-Tmp-980',0,'tmp',NULL),(981,'',0,'\0','Lit-Tmp-981',0,'tmp',NULL),(982,'',0,'\0','Lit-Tmp-982',0,'tmp',NULL),(983,'',0,'\0','Lit-Tmp-983',0,'tmp',NULL),(984,'',0,'\0','Lit-Tmp-984',0,'tmp',NULL),(985,'',0,'\0','Lit-Tmp-985',0,'tmp',NULL),(986,'',0,'\0','Lit-Tmp-986',0,'tmp',NULL),(987,'',0,'\0','Lit-Tmp-987',0,'tmp',NULL),(988,'',0,'\0','Lit-Tmp-988',0,'tmp',NULL),(989,'',0,'\0','Lit-Tmp-989',0,'tmp',NULL),(990,'',0,'\0','Lit-Tmp-990',0,'tmp',NULL),(991,'',0,'\0','Lit-Tmp-991',0,'tmp',NULL),(992,'',0,'\0','Lit-Tmp-992',0,'tmp',NULL),(993,'',0,'\0','Lit-Tmp-993',0,'tmp',NULL),(994,'',0,'\0','Lit-Tmp-994',0,'tmp',NULL),(995,'',0,'\0','Lit-Tmp-995',0,'tmp',NULL),(996,'',0,'\0','Lit-Tmp-996',0,'tmp',NULL),(997,'',0,'\0','Lit-Tmp-997',0,'tmp',NULL),(998,'',0,'\0','Lit-Tmp-998',0,'tmp',NULL),(999,'',0,'\0','Lit-Tmp-999',0,'tmp',NULL),(1000,'',0,'\0','Lit-Tmp-1000',0,'tmp',NULL);
/*!40000 ALTER TABLE `temp_bed` ENABLE KEYS */;
UNLOCK TABLES;

--
-- Table structure for table `user`
--

DROP TABLE IF EXISTS `user`;
/*!40101 SET @saved_cs_client     = @@character_set_client */;
/*!40101 SET character_set_client = utf8 */;
CREATE TABLE `user` (
  `id` bigint(20) NOT NULL AUTO_INCREMENT,
  `active` varchar(255) DEFAULT NULL,
  `email` varchar(255) DEFAULT NULL,
  `enabled` bit(1) NOT NULL,
  `password` varchar(255) DEFAULT NULL,
  `username` varchar(255) DEFAULT NULL,
  `account_expired` bit(1) DEFAULT NULL,
  `account_locked` bit(1) DEFAULT NULL,
  `connect` bit(1) DEFAULT NULL,
  `credentials_expired` bit(1) DEFAULT NULL,
  `status` varchar(255) DEFAULT NULL,
  PRIMARY KEY (`id`)
) ENGINE=MyISAM AUTO_INCREMENT=78 DEFAULT CHARSET=latin1;
/*!40101 SET character_set_client = @saved_cs_client */;

--
-- Dumping data for table `user`
--

LOCK TABLES `user` WRITE;
/*!40000 ALTER TABLE `user` DISABLE KEYS */;
INSERT INTO `user` VALUES (1,'1','kh.bassem1@live.fr','','{bcrypt}$2a$10$Xyhs/lmXZD7aRmAp49wpQuossHqK4OzwArZN1SSiy7HykuY1jPNAi','hamouda.baba','\0','\0','','\0','En ligne'),(2,'1',NULL,'','{bcrypt}$2a$10$Xyhs/lmXZD7aRmAp49wpQuossHqK4OzwArZN1SSiy7HykuY1jPNAi','chawki.loussaief','\0','\0','','\0','En ligne'),(3,'1',NULL,'','{bcrypt}$2a$10$Xyhs/lmXZD7aRmAp49wpQuossHqK4OzwArZN1SSiy7HykuY1jPNAi','issam.maalel','\0','\0','','\0','En ligne'),(4,'1',NULL,'','{bcrypt}$2a$10$Xyhs/lmXZD7aRmAp49wpQuossHqK4OzwArZN1SSiy7HykuY1jPNAi','youssef.belhadj','\0','\0','','\0','En ligne'),(5,'1',NULL,'','{bcrypt}$2a$10$Xyhs/lmXZD7aRmAp49wpQuossHqK4OzwArZN1SSiy7HykuY1jPNAi','youssef.bedoui','\0','\0','','\0','En ligne'),(6,'1',NULL,'','{bcrypt}$2a$10$Xyhs/lmXZD7aRmAp49wpQuossHqK4OzwArZN1SSiy7HykuY1jPNAi','lotfi.boubaker','\0','\0','','\0','En ligne'),(7,'1',NULL,'','{bcrypt}$2a$10$Xyhs/lmXZD7aRmAp49wpQuossHqK4OzwArZN1SSiy7HykuY1jPNAi','semir.nouira','\0','\0','\0','\0','Hors ligne'),(8,'1',NULL,'','{bcrypt}$2a$10$Xyhs/lmXZD7aRmAp49wpQuossHqK4OzwArZN1SSiy7HykuY1jPNAi','chumir.regulation','\0','\0','','\0','En ligne'),(9,'1',NULL,'','{bcrypt}$2a$10$Xyhs/lmXZD7aRmAp49wpQuossHqK4OzwArZN1SSiy7HykuY1jPNAi','chumir.cc.svt','\0','\0','\0','\0','Hors ligne'),(10,'1',NULL,'','{bcrypt}$2a$10$Xyhs/lmXZD7aRmAp49wpQuossHqK4OzwArZN1SSiy7HykuY1jPNAi','chumir.cc.med','\0','\0','','\0','En ligne'),(11,'1',NULL,'','{bcrypt}$2a$10$Xyhs/lmXZD7aRmAp49wpQuossHqK4OzwArZN1SSiy7HykuY1jPNAi','chumir.mdinfec.cds','\0','\0','','\0','En ligne'),(12,'1',NULL,'','{bcrypt}$2a$10$Xyhs/lmXZD7aRmAp49wpQuossHqK4OzwArZN1SSiy7HykuY1jPNAi','chumir.mdinfec.svt','\0','\0','','\0','En ligne'),(13,'1',NULL,'','{bcrypt}$2a$10$Xyhs/lmXZD7aRmAp49wpQuossHqK4OzwArZN1SSiy7HykuY1jPNAi','chumir.mdinfec.med','\0','\0','','\0','En ligne'),(14,'1',NULL,'','{bcrypt}$2a$10$Xyhs/lmXZD7aRmAp49wpQuossHqK4OzwArZN1SSiy7HykuY1jPNAi','chumir.pneumo.cds','\0','\0','','\0','En ligne'),(15,'1',NULL,'','{bcrypt}$2a$10$Xyhs/lmXZD7aRmAp49wpQuossHqK4OzwArZN1SSiy7HykuY1jPNAi','chumir.pneumo.svt','\0','\0','','\0','En ligne'),(16,'1',NULL,'','{bcrypt}$2a$10$Xyhs/lmXZD7aRmAp49wpQuossHqK4OzwArZN1SSiy7HykuY1jPNAi','chumir.pneumo.med','\0','\0','','\0','En ligne'),(17,'1',NULL,'','{bcrypt}$2a$10$Xyhs/lmXZD7aRmAp49wpQuossHqK4OzwArZN1SSiy7HykuY1jPNAi','chumir.nephro.cds','\0','\0','','\0','En ligne'),(18,'1',NULL,'','{bcrypt}$2a$10$Xyhs/lmXZD7aRmAp49wpQuossHqK4OzwArZN1SSiy7HykuY1jPNAi','chumir.nephro.svt','\0','\0','','\0','offline'),(19,'1',NULL,'','{bcrypt}$2a$10$Xyhs/lmXZD7aRmAp49wpQuossHqK4OzwArZN1SSiy7HykuY1jPNAi','chumir.nephro.med','\0','\0','','\0','En ligne'),(20,'1',NULL,'','{bcrypt}$2a$10$Xyhs/lmXZD7aRmAp49wpQuossHqK4OzwArZN1SSiy7HykuY1jPNAi','chumir.reapoly.cds','\0','\0','','\0','En ligne'),(21,'1',NULL,'','{bcrypt}$2a$10$Xyhs/lmXZD7aRmAp49wpQuossHqK4OzwArZN1SSiy7HykuY1jPNAi','chumir.reapoly.svt','\0','\0','','\0','En ligne'),(22,'1',NULL,'','{bcrypt}$2a$10$Xyhs/lmXZD7aRmAp49wpQuossHqK4OzwArZN1SSiy7HykuY1jPNAi','chumir.reapoly.med','\0','\0','\0','\0','Hors ligne'),(23,'1',NULL,'','{bcrypt}$2a$10$Xyhs/lmXZD7aRmAp49wpQuossHqK4OzwArZN1SSiy7HykuY1jPNAi','chumir.postop.cds','\0','\0','','\0','En ligne'),(24,'1',NULL,'','{bcrypt}$2a$10$Xyhs/lmXZD7aRmAp49wpQuossHqK4OzwArZN1SSiy7HykuY1jPNAi','chumir.postop.svt','\0','\0','','\0','En ligne'),(25,'1',NULL,'','{bcrypt}$2a$10$Xyhs/lmXZD7aRmAp49wpQuossHqK4OzwArZN1SSiy7HykuY1jPNAi','chumir.postop.med','\0','\0','','\0','En ligne'),(26,'1',NULL,'','{bcrypt}$2a$10$Xyhs/lmXZD7aRmAp49wpQuossHqK4OzwArZN1SSiy7HykuY1jPNAi','chumir.usicb.cds','\0','\0','','\0','En ligne'),(27,'1',NULL,'','{bcrypt}$2a$10$Xyhs/lmXZD7aRmAp49wpQuossHqK4OzwArZN1SSiy7HykuY1jPNAi','chumir.usicb.svt','\0','\0','','\0','En ligne'),(28,'1',NULL,'','{bcrypt}$2a$10$Xyhs/lmXZD7aRmAp49wpQuossHqK4OzwArZN1SSiy7HykuY1jPNAi','chumir.usicb.med','\0','\0','','\0','En ligne'),(29,'1',NULL,'','{bcrypt}$2a$10$Xyhs/lmXZD7aRmAp49wpQuossHqK4OzwArZN1SSiy7HykuY1jPNAi','chumir.anarea.cds','\0','\0','','\0','offline'),(30,'1',NULL,'','{bcrypt}$2a$10$Xyhs/lmXZD7aRmAp49wpQuossHqK4OzwArZN1SSiy7HykuY1jPNAi','chumir.anarea.svt','\0','\0','','\0','offline'),(31,'1',NULL,'','{bcrypt}$2a$10$Xyhs/lmXZD7aRmAp49wpQuossHqK4OzwArZN1SSiy7HykuY1jPNAi','chumir.anarea.med','\0','\0','','\0','En ligne'),(32,'1',NULL,'','{bcrypt}$2a$10$Xyhs/lmXZD7aRmAp49wpQuossHqK4OzwArZN1SSiy7HykuY1jPNAi','chumir.gastro.cds','\0','\0','','\0','offline'),(33,'1',NULL,'','{bcrypt}$2a$10$Xyhs/lmXZD7aRmAp49wpQuossHqK4OzwArZN1SSiy7HykuY1jPNAi','chumir.gastro.svt','\0','\0','','\0','offline'),(34,'1',NULL,'','{bcrypt}$2a$10$Xyhs/lmXZD7aRmAp49wpQuossHqK4OzwArZN1SSiy7HykuY1jPNAi','chumir.gastro.med','\0','\0','','\0','En ligne'),(35,'1',NULL,'','{bcrypt}$2a$10$Xyhs/lmXZD7aRmAp49wpQuossHqK4OzwArZN1SSiy7HykuY1jPNAi','chumir.chirgle.cds','\0','\0','','\0','offline'),(36,'1',NULL,'','{bcrypt}$2a$10$Xyhs/lmXZD7aRmAp49wpQuossHqK4OzwArZN1SSiy7HykuY1jPNAi','chumir.chirgle.svt','\0','\0','','\0','offline'),(37,'1',NULL,'','{bcrypt}$2a$10$Xyhs/lmXZD7aRmAp49wpQuossHqK4OzwArZN1SSiy7HykuY1jPNAi','chumir.chirgle.med','\0','\0','','\0','En ligne'),(38,'1',NULL,'','{bcrypt}$2a$10$Xyhs/lmXZD7aRmAp49wpQuossHqK4OzwArZN1SSiy7HykuY1jPNAi','hrkhl.dir','\0','\0','','\0','En ligne'),(39,'1',NULL,'','{bcrypt}$2a$10$Xyhs/lmXZD7aRmAp49wpQuossHqK4OzwArZN1SSiy7HykuY1jPNAi','hrkhl.dir.cdc','\0','\0','','\0','En ligne'),(40,'1',NULL,'','{bcrypt}$2a$10$Xyhs/lmXZD7aRmAp49wpQuossHqK4OzwArZN1SSiy7HykuY1jPNAi','hrkhl.dir.medcov','\0','\0','','\0','En ligne'),(41,'1',NULL,'','{bcrypt}$2a$10$Xyhs/lmXZD7aRmAp49wpQuossHqK4OzwArZN1SSiy7HykuY1jPNAi','hrkhl.dir.svtgen','\0','\0','','\0','offline'),(42,'1',NULL,'','{bcrypt}$2a$10$Xyhs/lmXZD7aRmAp49wpQuossHqK4OzwArZN1SSiy7HykuY1jPNAi','hrkhl.cc.med','\0','\0','','\0','En ligne'),(43,'1',NULL,'','{bcrypt}$2a$10$Xyhs/lmXZD7aRmAp49wpQuossHqK4OzwArZN1SSiy7HykuY1jPNAi','hrkhl.cc.svt','\0','\0','','\0','En ligne'),(44,'1',NULL,'','{bcrypt}$2a$10$Xyhs/lmXZD7aRmAp49wpQuossHqK4OzwArZN1SSiy7HykuY1jPNAi','hrkhl.covp.med','\0','\0','','\0','En ligne'),(45,'1',NULL,'','{bcrypt}$2a$10$Xyhs/lmXZD7aRmAp49wpQuossHqK4OzwArZN1SSiy7HykuY1jPNAi','hrkhl.covp.svt','\0','\0','','\0','offline'),(46,'1',NULL,'','{bcrypt}$2a$10$Xyhs/lmXZD7aRmAp49wpQuossHqK4OzwArZN1SSiy7HykuY1jPNAi','hrmok.dir','\0','\0','','\0','offline'),(47,'1',NULL,'','{bcrypt}$2a$10$Xyhs/lmXZD7aRmAp49wpQuossHqK4OzwArZN1SSiy7HykuY1jPNAi','hrmok.dir.cdc','\0','\0','','\0','offline'),(48,'1',NULL,'','{bcrypt}$2a$10$Xyhs/lmXZD7aRmAp49wpQuossHqK4OzwArZN1SSiy7HykuY1jPNAi','hrmok.dir.medcov','\0','\0','','\0','En ligne'),(49,'1',NULL,'','{bcrypt}$2a$10$Xyhs/lmXZD7aRmAp49wpQuossHqK4OzwArZN1SSiy7HykuY1jPNAi','hrmok.dir.svtgen','\0','\0','','\0','En ligne'),(50,'1',NULL,'','{bcrypt}$2a$10$Xyhs/lmXZD7aRmAp49wpQuossHqK4OzwArZN1SSiy7HykuY1jPNAi','hrmok.cc.med','\0','\0','','\0','offline'),(51,'1',NULL,'','{bcrypt}$2a$10$Xyhs/lmXZD7aRmAp49wpQuossHqK4OzwArZN1SSiy7HykuY1jPNAi','hrmok.cc.svt','\0','\0','','\0','En ligne'),(52,'1',NULL,'','{bcrypt}$2a$10$Xyhs/lmXZD7aRmAp49wpQuossHqK4OzwArZN1SSiy7HykuY1jPNAi','hrmok.cov.med','\0','\0','','\0','offline'),(53,'1',NULL,'','{bcrypt}$2a$10$Xyhs/lmXZD7aRmAp49wpQuossHqK4OzwArZN1SSiy7HykuY1jPNAi','hrmok.cov.svt','\0','\0','','\0','En ligne'),(54,'1',NULL,'','{bcrypt}$2a$10$Xyhs/lmXZD7aRmAp49wpQuossHqK4OzwArZN1SSiy7HykuY1jPNAi','hcjml.dir','\0','\0','','\0','offline'),(55,'1',NULL,'','{bcrypt}$2a$10$Xyhs/lmXZD7aRmAp49wpQuossHqK4OzwArZN1SSiy7HykuY1jPNAi','hcjml.dir.cdc','\0','\0','','\0','offline'),(56,'1',NULL,'','{bcrypt}$2a$10$Xyhs/lmXZD7aRmAp49wpQuossHqK4OzwArZN1SSiy7HykuY1jPNAi','hcjml.dir.med','\0','\0','','\0','offline'),(57,'1',NULL,'','{bcrypt}$2a$10$Xyhs/lmXZD7aRmAp49wpQuossHqK4OzwArZN1SSiy7HykuY1jPNAi','hcjml.dir.svt','\0','\0','','\0','offline'),(58,'1',NULL,'','{bcrypt}$2a$10$Xyhs/lmXZD7aRmAp49wpQuossHqK4OzwArZN1SSiy7HykuY1jPNAi','hcjml.cc.med','\0','\0','','\0','En ligne'),(59,'1',NULL,'','{bcrypt}$2a$10$Xyhs/lmXZD7aRmAp49wpQuossHqK4OzwArZN1SSiy7HykuY1jPNAi','hcjml.cc.svt','\0','\0','','\0','En ligne'),(60,'1',NULL,'','{bcrypt}$2a$10$Xyhs/lmXZD7aRmAp49wpQuossHqK4OzwArZN1SSiy7HykuY1jPNAi','hcjml.cov.med','\0','\0','','\0','En ligne'),(61,'1',NULL,'','{bcrypt}$2a$10$Xyhs/lmXZD7aRmAp49wpQuossHqK4OzwArZN1SSiy7HykuY1jPNAi','hcjml.cov.svt','\0','\0','','\0','En ligne'),(62,'1',NULL,'','{bcrypt}$2a$10$Xyhs/lmXZD7aRmAp49wpQuossHqK4OzwArZN1SSiy7HykuY1jPNAi','hctbl.dir','\0','\0','','\0','En ligne'),(63,'1',NULL,'','{bcrypt}$2a$10$Xyhs/lmXZD7aRmAp49wpQuossHqK4OzwArZN1SSiy7HykuY1jPNAi','hctbl.dir.cdc','\0','\0','','\0','En ligne'),(64,'1',NULL,'','{bcrypt}$2a$10$Xyhs/lmXZD7aRmAp49wpQuossHqK4OzwArZN1SSiy7HykuY1jPNAi','hctbl.dir.med','\0','\0','','\0','En ligne'),(65,'1',NULL,'','{bcrypt}$2a$10$Xyhs/lmXZD7aRmAp49wpQuossHqK4OzwArZN1SSiy7HykuY1jPNAi','hctbl.dir.svt','\0','\0','','\0','offline'),(66,'1',NULL,'','{bcrypt}$2a$10$Xyhs/lmXZD7aRmAp49wpQuossHqK4OzwArZN1SSiy7HykuY1jPNAi','hctbl.cc.med','\0','\0','\0','\0','Hors ligne'),(67,'1',NULL,'','{bcrypt}$2a$10$Xyhs/lmXZD7aRmAp49wpQuossHqK4OzwArZN1SSiy7HykuY1jPNAi','hctbl.cc.svt','\0','\0','','\0','En ligne'),(68,'1',NULL,'','{bcrypt}$2a$10$Xyhs/lmXZD7aRmAp49wpQuossHqK4OzwArZN1SSiy7HykuY1jPNAi','hctbl.cov.med','\0','\0','','\0','En ligne'),(69,'1',NULL,'','{bcrypt}$2a$10$Xyhs/lmXZD7aRmAp49wpQuossHqK4OzwArZN1SSiy7HykuY1jPNAi','hctbl.cov.svt','\0','\0','','\0','offline'),(70,'1','kh.bassem1@live.fr','','{bcrypt}$2a$10$Xyhs/lmXZD7aRmAp49wpQuossHqK4OzwArZN1SSiy7HykuY1jPNAi','chumir.dir.svtgen','\0','\0','\0','\0','Hors ligne'),(77,'1','kh.bassem1@live.fr','','{bcrypt}$2a$10$Xyhs/lmXZD7aRmAp49wpQuossHqK4OzwArZN1SSiy7HykuY1jPNAi','ferjani.sassi','\0','\0','','\0','En ligne');
/*!40000 ALTER TABLE `user` ENABLE KEYS */;
UNLOCK TABLES;

--
-- Table structure for table `user_role`
--

DROP TABLE IF EXISTS `user_role`;
/*!40101 SET @saved_cs_client     = @@character_set_client */;
/*!40101 SET character_set_client = utf8 */;
CREATE TABLE `user_role` (
  `user_id` bigint(20) NOT NULL,
  `role_id` bigint(20) NOT NULL,
  KEY `FKa68196081fvovjhkek5m97n3y` (`role_id`),
  KEY `FK859n2jvi8ivhui0rl0esws6o` (`user_id`)
) ENGINE=MyISAM DEFAULT CHARSET=latin1;
/*!40101 SET character_set_client = @saved_cs_client */;

--
-- Dumping data for table `user_role`
--

LOCK TABLES `user_role` WRITE;
/*!40000 ALTER TABLE `user_role` DISABLE KEYS */;
INSERT INTO `user_role` VALUES (1,2),(2,2),(3,2),(4,2),(5,2),(6,2),(7,2),(8,2),(9,2),(10,2),(11,2),(12,2),(13,2),(14,2),(15,2),(16,2),(17,2),(18,2),(19,2),(20,2),(21,2),(22,2),(23,2),(24,2),(25,2),(26,2),(27,2),(28,2),(29,2),(30,2),(31,2),(32,2),(33,2),(34,2),(35,2),(36,2),(37,2),(38,2),(39,2),(40,2),(41,2),(42,2),(43,2),(44,2),(45,2),(46,2),(47,2),(48,2),(49,2),(50,2),(51,2),(52,2),(53,2),(54,2),(55,2),(56,2),(57,2),(58,2),(59,2),(60,2),(61,2),(62,2),(63,2),(64,2),(65,2),(66,2),(67,2),(68,2),(69,2),(9,1),(10,1),(11,1),(12,1),(13,1),(14,1),(15,1),(16,1),(17,1),(18,1),(19,1),(20,1),(21,1),(22,1),(23,1),(24,1),(25,1),(26,1),(27,1),(28,1),(29,1),(30,1),(31,1),(32,1),(33,1),(34,1),(35,1),(36,1),(37,1),(40,1),(41,1),(42,1),(43,1),(44,1),(45,1),(48,1),(49,1),(50,1),(51,1),(52,1),(53,1),(56,1),(57,1),(58,1),(59,1),(60,1),(61,1),(64,1),(65,1),(66,1),(67,1),(68,1),(69,1),(70,1),(77,4),(77,3);
/*!40000 ALTER TABLE `user_role` ENABLE KEYS */;
UNLOCK TABLES;
/*!40103 SET TIME_ZONE=@OLD_TIME_ZONE */;

/*!40101 SET SQL_MODE=@OLD_SQL_MODE */;
/*!40014 SET FOREIGN_KEY_CHECKS=@OLD_FOREIGN_KEY_CHECKS */;
/*!40014 SET UNIQUE_CHECKS=@OLD_UNIQUE_CHECKS */;
/*!40101 SET CHARACTER_SET_CLIENT=@OLD_CHARACTER_SET_CLIENT */;
/*!40101 SET CHARACTER_SET_RESULTS=@OLD_CHARACTER_SET_RESULTS */;
/*!40101 SET COLLATION_CONNECTION=@OLD_COLLATION_CONNECTION */;
/*!40111 SET SQL_NOTES=@OLD_SQL_NOTES */;

-- Dump completed on 2021-10-01 13:06:23
